/* VCF and sidecar XML for the voice builder -- GENERATED,
 * do not hand-edit. Regenerate with
 * reveng/spfy4/tools/voicebuild/vb_genvcf.py.
 *
 * ⚠ THE PLAINTEXT IS OURS TO WRITE; THE NUMBERS ARE NOT OURS
 * TO CLAIM. A `.vcf` is ISO-8859-1 XML behind a 2:1 nibble
 * cipher, and holding it here as text makes every weight
 * legible, diffable and overridable, which a copied 53 KB
 * blob is not. The VALUES are still the donor's tuning --
 * a named default now, not an inherited binary. Several are
 * measured inert or corpus-scoped; see the memory notes on
 * vcf_is_the_selection_lever and join_rate_is_not_a_vcf_lever.
 *
 * The sidecar carries the identity. jill's and crsmara's
 * differ ONLY in tts.server.port and tts.voice.name.
 */

#include "vb_vcf.h"

static const char ENUS_VCF[26489] = {
    0x3c,0x3f,0x78,0x6d,0x6c,0x20,0x76,0x65,0x72,0x73,0x69,0x6f,0x6e,0x3d,0x22,0x31,0x2e,0x30,  /* <?xml version="1.0 */
    0x22,0x20,0x65,0x6e,0x63,0x6f,0x64,0x69,0x6e,0x67,0x3d,0x22,0x49,0x53,0x4f,0x2d,0x38,0x38,  /* " encoding="ISO-88 */
    0x35,0x39,0x2d,0x31,0x22,0x3f,0x3e,0x20,0x20,0x3c,0x21,0x2d,0x2d,0x20,0x58,0x4d,0x4c,0x20,  /* 59-1"?>  <!-- XML  */
    0x76,0x65,0x72,0x73,0x69,0x6f,0x6e,0x20,0x2d,0x2d,0x3e,0x0a,0x3c,0x3f,0x78,0x6d,0x6c,0x2d,  /* version -->.<?xml- */
    0x73,0x74,0x79,0x6c,0x65,0x73,0x68,0x65,0x65,0x74,0x20,0x74,0x79,0x70,0x65,0x3d,0x22,0x74,  /* stylesheet type="t */
    0x65,0x78,0x74,0x2f,0x78,0x73,0x6c,0x22,0x20,0x68,0x72,0x65,0x66,0x3d,0x22,0x53,0x57,0x49,  /* ext/xsl" href="SWI */
    0x74,0x74,0x73,0x43,0x6f,0x6e,0x66,0x69,0x67,0x2e,0x78,0x73,0x6c,0x22,0x3f,0x3e,0x0a,0x0a,  /* ttsConfig.xsl"?>.. */
    0x3c,0x21,0x2d,0x2d,0x20,0x53,0x70,0x65,0x65,0x63,0x68,0x69,0x66,0x79,0x20,0x63,0x6f,0x6e,  /* <!-- Speechify con */
    0x66,0x69,0x67,0x75,0x72,0x61,0x74,0x69,0x6f,0x6e,0x20,0x66,0x69,0x6c,0x65,0x20,0x2d,0x2d,  /* figuration file -- */
    0x3e,0x0a,0x3c,0x21,0x2d,0x2d,0x20,0x43,0x6f,0x70,0x79,0x72,0x69,0x67,0x68,0x74,0x20,0x28,  /* >.<!-- Copyright ( */
    0x63,0x29,0x20,0x32,0x30,0x30,0x31,0x2d,0x32,0x30,0x30,0x32,0x20,0x53,0x70,0x65,0x65,0x63,  /* c) 2001-2002 Speec */
    0x68,0x57,0x6f,0x72,0x6b,0x73,0x20,0x49,0x6e,0x74,0x65,0x72,0x6e,0x61,0x74,0x69,0x6f,0x6e,  /* hWorks Internation */
    0x61,0x6c,0x2c,0x20,0x49,0x6e,0x63,0x2e,0x20,0x2d,0x2d,0x3e,0x0a,0x3c,0x21,0x2d,0x2d,0x20,  /* al, Inc. -->.<!--  */
    0x41,0x6c,0x6c,0x20,0x52,0x69,0x67,0x68,0x74,0x73,0x20,0x52,0x65,0x73,0x65,0x72,0x76,0x65,  /* All Rights Reserve */
    0x64,0x20,0x2d,0x2d,0x3e,0x0a,0x0a,0x3c,0x21,0x2d,0x2d,0x20,0x44,0x65,0x66,0x69,0x6e,0x65,  /* d -->..<!-- Define */
    0x20,0x74,0x68,0x65,0x20,0x73,0x74,0x72,0x75,0x63,0x74,0x75,0x72,0x65,0x20,0x66,0x6f,0x72,  /*  the structure for */
    0x20,0x74,0x68,0x65,0x20,0x58,0x4d,0x4c,0x20,0x2d,0x2d,0x3e,0x0a,0x0a,0x3c,0x21,0x44,0x4f,  /*  the XML -->..<!DO */
    0x43,0x54,0x59,0x50,0x45,0x20,0x53,0x57,0x49,0x74,0x74,0x73,0x43,0x6f,0x6e,0x66,0x69,0x67,  /* CTYPE SWIttsConfig */
    0x20,0x50,0x55,0x42,0x4c,0x49,0x43,0x20,0x22,0x2d,0x2f,0x2f,0x53,0x70,0x65,0x65,0x63,0x68,  /*  PUBLIC "-//Speech */
    0x57,0x6f,0x72,0x6b,0x73,0x2f,0x2f,0x44,0x54,0x44,0x20,0x53,0x50,0x45,0x45,0x43,0x48,0x49,  /* Works//DTD SPEECHI */
    0x46,0x59,0x20,0x43,0x4f,0x4e,0x46,0x49,0x47,0x20,0x31,0x2e,0x30,0x2f,0x2f,0x45,0x4e,0x22,  /* FY CONFIG 1.0//EN" */
    0x0a,0x20,0x20,0x20,0x20,0x20,0x20,0x20,0x20,0x20,0x20,0x20,0x20,0x20,0x20,0x20,0x20,0x20,  /* .                  */
    0x20,0x20,0x20,0x20,0x20,0x20,0x22,0x53,0x57,0x49,0x74,0x74,0x73,0x43,0x6f,0x6e,0x66,0x69,  /*       "SWIttsConfi */
    0x67,0x2e,0x64,0x74,0x64,0x22,0x3e,0x0a,0x0a,0x3c,0x21,0x2d,0x2d,0x20,0x2a,0x2a,0x2a,0x2a,  /* g.dtd">..<!-- **** */
    0x2a,0x2a,0x2a,0x2a,0x2a,0x2a,0x2a,0x2a,0x2a,0x2a,0x2a,0x20,0x43,0x4f,0x4e,0x46,0x49,0x47,  /* *********** CONFIG */
    0x20,0x50,0x41,0x52,0x41,0x4d,0x45,0x54,0x45,0x52,0x53,0x20,0x2a,0x2a,0x2a,0x2a,0x2a,0x2a,  /*  PARAMETERS ****** */
    0x2a,0x2a,0x2a,0x2a,0x2a,0x2a,0x2a,0x20,0x2d,0x2d,0x3e,0x0a,0x0a,0x3c,0x53,0x57,0x49,0x74,  /* ******* -->..<SWIt */
    0x74,0x73,0x43,0x6f,0x6e,0x66,0x69,0x67,0x20,0x76,0x65,0x72,0x73,0x69,0x6f,0x6e,0x3d,0x22,  /* tsConfig version=" */
    0x31,0x2e,0x30,0x2e,0x30,0x22,0x3e,0x0a,0x3c,0x6c,0x61,0x6e,0x67,0x20,0x6e,0x61,0x6d,0x65,  /* 1.0.0">.<lang name */
    0x3d,0x22,0x44,0x65,0x66,0x61,0x75,0x6c,0x74,0x22,0x3e,0x0a,0x20,0x20,0x3c,0x70,0x61,0x72,  /* ="Default">.  <par */
    0x61,0x6d,0x20,0x6e,0x61,0x6d,0x65,0x3d,0x22,0x74,0x74,0x73,0x2e,0x76,0x6f,0x69,0x63,0x65,  /* am name="tts.voice */
    0x43,0x66,0x67,0x2e,0x41,0x42,0x53,0x5f,0x46,0x30,0x5f,0x57,0x45,0x49,0x47,0x48,0x54,0x22,  /* Cfg.ABS_F0_WEIGHT" */
    0x3e,0x0a,0x20,0x20,0x20,0x20,0x20,0x3c,0x76,0x61,0x6c,0x75,0x65,0x3e,0x20,0x2e,0x33,0x20,  /* >.     <value> .3  */
    0x3c,0x2f,0x76,0x61,0x6c,0x75,0x65,0x3e,0x0a,0x20,0x20,0x3c,0x2f,0x70,0x61,0x72,0x61,0x6d,  /* </value>.  </param */
    0x3e,0x0a,0x0a,0x20,0x20,0x3c,0x70,0x61,0x72,0x61,0x6d,0x20,0x6e,0x61,0x6d,0x65,0x3d,0x22,  /* >..  <param name=" */
    0x74,0x74,0x73,0x2e,0x76,0x6f,0x69,0x63,0x65,0x43,0x66,0x67,0x2e,0x41,0x43,0x43,0x45,0x4e,  /* tts.voiceCfg.ACCEN */
    0x54,0x5f,0x50,0x48,0x52,0x41,0x53,0x45,0x5f,0x53,0x49,0x4e,0x47,0x4c,0x45,0x22,0x3e,0x0a,  /* T_PHRASE_SINGLE">. */
    0x20,0x20,0x20,0x20,0x20,0x3c,0x76,0x61,0x6c,0x75,0x65,0x3e,0x20,0x31,0x20,0x3c,0x2f,0x76,  /*      <value> 1 </v */
    0x61,0x6c,0x75,0x65,0x3e,0x0a,0x20,0x20,0x3c,0x2f,0x70,0x61,0x72,0x61,0x6d,0x3e,0x0a,0x0a,  /* alue>.  </param>.. */
    0x20,0x20,0x3c,0x70,0x61,0x72,0x61,0x6d,0x20,0x6e,0x61,0x6d,0x65,0x3d,0x22,0x74,0x74,0x73,  /*   <param name="tts */
    0x2e,0x76,0x6f,0x69,0x63,0x65,0x43,0x66,0x67,0x2e,0x41,0x50,0x50,0x4c,0x59,0x5f,0x41,0x4c,  /* .voiceCfg.APPLY_AL */
    0x4c,0x5f,0x46,0x30,0x22,0x3e,0x0a,0x20,0x20,0x20,0x20,0x20,0x3c,0x76,0x61,0x6c,0x75,0x65,  /* L_F0">.     <value */
    0x3e,0x20,0x30,0x20,0x3c,0x2f,0x76,0x61,0x6c,0x75,0x65,0x3e,0x0a,0x20,0x20,0x3c,0x2f,0x70,  /* > 0 </value>.  </p */
    0x61,0x72,0x61,0x6d,0x3e,0x0a,0x0a,0x20,0x20,0x3c,0x70,0x61,0x72,0x61,0x6d,0x20,0x6e,0x61,  /* aram>..  <param na */
    0x6d,0x65,0x3d,0x22,0x74,0x74,0x73,0x2e,0x76,0x6f,0x69,0x63,0x65,0x43,0x66,0x67,0x2e,0x41,  /* me="tts.voiceCfg.A */
    0x50,0x50,0x4c,0x59,0x5f,0x41,0x4c,0x4c,0x5f,0x46,0x30,0x5f,0x45,0x44,0x47,0x45,0x22,0x3e,  /* PPLY_ALL_F0_EDGE"> */
    0x0a,0x20,0x20,0x20,0x20,0x20,0x3c,0x76,0x61,0x6c,0x75,0x65,0x3e,0x20,0x31,0x20,0x3c,0x2f,  /* .     <value> 1 </ */
    0x76,0x61,0x6c,0x75,0x65,0x3e,0x0a,0x20,0x20,0x3c,0x2f,0x70,0x61,0x72,0x61,0x6d,0x3e,0x0a,  /* value>.  </param>. */
    0x0a,0x20,0x20,0x3c,0x70,0x61,0x72,0x61,0x6d,0x20,0x6e,0x61,0x6d,0x65,0x3d,0x22,0x74,0x74,  /* .  <param name="tt */
    0x73,0x2e,0x76,0x6f,0x69,0x63,0x65,0x43,0x66,0x67,0x2e,0x43,0x48,0x55,0x4e,0x4b,0x5f,0x42,  /* s.voiceCfg.CHUNK_B */
    0x49,0x41,0x53,0x5f,0x57,0x45,0x49,0x47,0x48,0x54,0x22,0x3e,0x0a,0x20,0x20,0x20,0x20,0x20,  /* IAS_WEIGHT">.      */
    0x3c,0x76,0x61,0x6c,0x75,0x65,0x3e,0x20,0x2e,0x31,0x20,0x3c,0x2f,0x76,0x61,0x6c,0x75,0x65,  /* <value> .1 </value */
    0x3e,0x0a,0x20,0x20,0x3c,0x2f,0x70,0x61,0x72,0x61,0x6d,0x3e,0x0a,0x0a,0x20,0x20,0x3c,0x70,  /* >.  </param>..  <p */
    0x61,0x72,0x61,0x6d,0x20,0x6e,0x61,0x6d,0x65,0x3d,0x22,0x74,0x74,0x73,0x2e,0x76,0x6f,0x69,  /* aram name="tts.voi */
    0x63,0x65,0x43,0x66,0x67,0x2e,0x43,0x4f,0x4e,0x54,0x45,0x58,0x54,0x5f,0x43,0x4f,0x53,0x54,  /* ceCfg.CONTEXT_COST */
    0x5f,0x57,0x45,0x49,0x47,0x48,0x54,0x22,0x3e,0x0a,0x20,0x20,0x20,0x20,0x20,0x3c,0x76,0x61,  /* _WEIGHT">.     <va */
    0x6c,0x75,0x65,0x3e,0x20,0x31,0x2e,0x37,0x35,0x20,0x3c,0x2f,0x76,0x61,0x6c,0x75,0x65,0x3e,  /* lue> 1.75 </value> */
    0x0a,0x20,0x20,0x3c,0x2f,0x70,0x61,0x72,0x61,0x6d,0x3e,0x0a,0x0a,0x20,0x20,0x3c,0x70,0x61,  /* .  </param>..  <pa */
    0x72,0x61,0x6d,0x20,0x6e,0x61,0x6d,0x65,0x3d,0x22,0x74,0x74,0x73,0x2e,0x76,0x6f,0x69,0x63,  /* ram name="tts.voic */
    0x65,0x43,0x66,0x67,0x2e,0x44,0x55,0x52,0x5f,0x57,0x45,0x49,0x47,0x48,0x54,0x22,0x3e,0x0a,  /* eCfg.DUR_WEIGHT">. */
    0x20,0x20,0x20,0x20,0x20,0x3c,0x76,0x61,0x6c,0x75,0x65,0x3e,0x20,0x2e,0x32,0x20,0x3c,0x2f,  /*      <value> .2 </ */
    0x76,0x61,0x6c,0x75,0x65,0x3e,0x0a,0x20,0x20,0x3c,0x2f,0x70,0x61,0x72,0x61,0x6d,0x3e,0x0a,  /* value>.  </param>. */
    0x0a,0x20,0x20,0x3c,0x70,0x61,0x72,0x61,0x6d,0x20,0x6e,0x61,0x6d,0x65,0x3d,0x22,0x74,0x74,  /* .  <param name="tt */
    0x73,0x2e,0x76,0x6f,0x69,0x63,0x65,0x43,0x66,0x67,0x2e,0x46,0x30,0x5f,0x45,0x44,0x47,0x45,  /* s.voiceCfg.F0_EDGE */
    0x5f,0x43,0x48,0x41,0x4e,0x47,0x45,0x5f,0x57,0x45,0x49,0x47,0x48,0x54,0x22,0x3e,0x0a,0x20,  /* _CHANGE_WEIGHT">.  */
    0x20,0x20,0x20,0x20,0x3c,0x76,0x61,0x6c,0x75,0x65,0x3e,0x20,0x31,0x2e,0x35,0x20,0x3c,0x2f,  /*     <value> 1.5 </ */
    0x76,0x61,0x6c,0x75,0x65,0x3e,0x0a,0x20,0x20,0x3c,0x2f,0x70,0x61,0x72,0x61,0x6d,0x3e,0x0a,  /* value>.  </param>. */
    0x0a,0x20,0x20,0x3c,0x70,0x61,0x72,0x61,0x6d,0x20,0x6e,0x61,0x6d,0x65,0x3d,0x22,0x74,0x74,  /* .  <param name="tt */
    0x73,0x2e,0x76,0x6f,0x69,0x63,0x65,0x43,0x66,0x67,0x2e,0x47,0x45,0x54,0x5f,0x52,0x49,0x44,  /* s.voiceCfg.GET_RID */
    0x5f,0x4f,0x46,0x5f,0x50,0x41,0x54,0x48,0x5f,0x46,0x30,0x22,0x3e,0x0a,0x20,0x20,0x20,0x20,  /* _OF_PATH_F0">.     */
    0x20,0x3c,0x76,0x61,0x6c,0x75,0x65,0x3e,0x20,0x31,0x20,0x3c,0x2f,0x76,0x61,0x6c,0x75,0x65,  /*  <value> 1 </value */
    0x3e,0x0a,0x20,0x20,0x3c,0x2f,0x70,0x61,0x72,0x61,0x6d,0x3e,0x0a,0x0a,0x20,0x20,0x3c,0x70,  /* >.  </param>..  <p */
    0x61,0x72,0x61,0x6d,0x20,0x6e,0x61,0x6d,0x65,0x3d,0x22,0x74,0x74,0x73,0x2e,0x76,0x6f,0x69,  /* aram name="tts.voi */
    0x63,0x65,0x43,0x66,0x67,0x2e,0x48,0x41,0x4c,0x46,0x50,0x48,0x4f,0x4e,0x45,0x5f,0x43,0x41,  /* ceCfg.HALFPHONE_CA */
    0x4e,0x44,0x5f,0x50,0x52,0x55,0x4e,0x45,0x5f,0x53,0x4c,0x4f,0x50,0x45,0x22,0x3e,0x0a,0x20,  /* ND_PRUNE_SLOPE">.  */
    0x20,0x20,0x20,0x20,0x3c,0x76,0x61,0x6c,0x75,0x65,0x3e,0x20,0x30,0x2e,0x30,0x30,0x35,0x20,  /*     <value> 0.005  */
    0x3c,0x2f,0x76,0x61,0x6c,0x75,0x65,0x3e,0x0a,0x20,0x20,0x3c,0x2f,0x70,0x61,0x72,0x61,0x6d,  /* </value>.  </param */
    0x3e,0x0a,0x0a,0x20,0x20,0x3c,0x70,0x61,0x72,0x61,0x6d,0x20,0x6e,0x61,0x6d,0x65,0x3d,0x22,  /* >..  <param name=" */
    0x74,0x74,0x73,0x2e,0x76,0x6f,0x69,0x63,0x65,0x43,0x66,0x67,0x2e,0x48,0x41,0x4c,0x46,0x50,  /* tts.voiceCfg.HALFP */
    0x48,0x4f,0x4e,0x45,0x5f,0x43,0x41,0x4e,0x44,0x5f,0x50,0x52,0x55,0x4e,0x45,0x5f,0x54,0x48,  /* HONE_CAND_PRUNE_TH */
    0x52,0x45,0x53,0x48,0x22,0x3e,0x0a,0x20,0x20,0x20,0x20,0x20,0x3c,0x76,0x61,0x6c,0x75,0x65,  /* RESH">.     <value */
    0x3e,0x20,0x31,0x2e,0x30,0x20,0x3c,0x2f,0x76,0x61,0x6c,0x75,0x65,0x3e,0x0a,0x20,0x20,0x3c,  /* > 1.0 </value>.  < */
    0x2f,0x70,0x61,0x72,0x61,0x6d,0x3e,0x0a,0x0a,0x20,0x20,0x3c,0x70,0x61,0x72,0x61,0x6d,0x20,  /* /param>..  <param  */
    0x6e,0x61,0x6d,0x65,0x3d,0x22,0x74,0x74,0x73,0x2e,0x76,0x6f,0x69,0x63,0x65,0x43,0x66,0x67,  /* name="tts.voiceCfg */
    0x2e,0x4a,0x4f,0x49,0x4e,0x5f,0x43,0x4f,0x53,0x54,0x5f,0x4f,0x46,0x46,0x53,0x45,0x54,0x22,  /* .JOIN_COST_OFFSET" */
    0x3e,0x0a,0x20,0x20,0x20,0x20,0x20,0x3c,0x76,0x61,0x6c,0x75,0x65,0x3e,0x20,0x2e,0x31,0x35,  /* >.     <value> .15 */
    0x20,0x3c,0x2f,0x76,0x61,0x6c,0x75,0x65,0x3e,0x0a,0x20,0x20,0x3c,0x2f,0x70,0x61,0x72,0x61,  /*  </value>.  </para */
    0x6d,0x3e,0x0a,0x0a,0x20,0x20,0x3c,0x70,0x61,0x72,0x61,0x6d,0x20,0x6e,0x61,0x6d,0x65,0x3d,  /* m>..  <param name= */
    0x22,0x74,0x74,0x73,0x2e,0x76,0x6f,0x69,0x63,0x65,0x43,0x66,0x67,0x2e,0x4a,0x4f,0x49,0x4e,  /* "tts.voiceCfg.JOIN */
    0x5f,0x43,0x4f,0x53,0x54,0x5f,0x57,0x45,0x49,0x47,0x48,0x54,0x22,0x3e,0x0a,0x20,0x20,0x20,  /* _COST_WEIGHT">.    */
    0x20,0x20,0x3c,0x76,0x61,0x6c,0x75,0x65,0x3e,0x20,0x31,0x2e,0x37,0x35,0x20,0x3c,0x2f,0x76,  /*   <value> 1.75 </v */
    0x61,0x6c,0x75,0x65,0x3e,0x0a,0x20,0x20,0x3c,0x2f,0x70,0x61,0x72,0x61,0x6d,0x3e,0x0a,0x0a,  /* alue>.  </param>.. */
    0x20,0x20,0x3c,0x70,0x61,0x72,0x61,0x6d,0x20,0x6e,0x61,0x6d,0x65,0x3d,0x22,0x74,0x74,0x73,  /*   <param name="tts */
    0x2e,0x76,0x6f,0x69,0x63,0x65,0x43,0x66,0x67,0x2e,0x50,0x48,0x4f,0x4e,0x45,0x5f,0x49,0x4e,  /* .voiceCfg.PHONE_IN */
    0x5f,0x53,0x59,0x4c,0x5f,0x4d,0x49,0x53,0x4d,0x41,0x54,0x43,0x48,0x5f,0x43,0x4f,0x53,0x54,  /* _SYL_MISMATCH_COST */
    0x22,0x3e,0x0a,0x20,0x20,0x20,0x20,0x20,0x3c,0x76,0x61,0x6c,0x75,0x65,0x3e,0x20,0x2e,0x33,  /* ">.     <value> .3 */
    0x20,0x3c,0x2f,0x76,0x61,0x6c,0x75,0x65,0x3e,0x0a,0x20,0x20,0x3c,0x2f,0x70,0x61,0x72,0x61,  /*  </value>.  </para */
    0x6d,0x3e,0x0a,0x0a,0x20,0x20,0x3c,0x70,0x61,0x72,0x61,0x6d,0x20,0x6e,0x61,0x6d,0x65,0x3d,  /* m>..  <param name= */
    0x22,0x74,0x74,0x73,0x2e,0x76,0x6f,0x69,0x63,0x65,0x43,0x66,0x67,0x2e,0x50,0x48,0x52,0x41,  /* "tts.voiceCfg.PHRA */
    0x53,0x45,0x5f,0x50,0x4f,0x53,0x5f,0x4d,0x49,0x53,0x4d,0x41,0x54,0x43,0x48,0x5f,0x43,0x4f,  /* SE_POS_MISMATCH_CO */
    0x53,0x54,0x22,0x3e,0x0a,0x20,0x20,0x20,0x20,0x20,0x3c,0x76,0x61,0x6c,0x75,0x65,0x3e,0x20,  /* ST">.     <value>  */
    0x2e,0x32,0x20,0x3c,0x2f,0x76,0x61,0x6c,0x75,0x65,0x3e,0x0a,0x20,0x20,0x3c,0x2f,0x70,0x61,  /* .2 </value>.  </pa */
    0x72,0x61,0x6d,0x3e,0x0a,0x0a,0x20,0x20,0x3c,0x70,0x61,0x72,0x61,0x6d,0x20,0x6e,0x61,0x6d,  /* ram>..  <param nam */
    0x65,0x3d,0x22,0x74,0x74,0x73,0x2e,0x76,0x6f,0x69,0x63,0x65,0x43,0x66,0x67,0x2e,0x53,0x4b,  /* e="tts.voiceCfg.SK */
    0x49,0x50,0x5f,0x53,0x59,0x4c,0x53,0x22,0x3e,0x0a,0x20,0x20,0x20,0x20,0x20,0x3c,0x76,0x61,  /* IP_SYLS">.     <va */
    0x6c,0x75,0x65,0x3e,0x20,0x30,0x20,0x3c,0x2f,0x76,0x61,0x6c,0x75,0x65,0x3e,0x0a,0x20,0x20,  /* lue> 0 </value>.   */
    0x3c,0x2f,0x70,0x61,0x72,0x61,0x6d,0x3e,0x0a,0x0a,0x20,0x20,0x3c,0x70,0x61,0x72,0x61,0x6d,  /* </param>..  <param */
    0x20,0x6e,0x61,0x6d,0x65,0x3d,0x22,0x74,0x74,0x73,0x2e,0x76,0x6f,0x69,0x63,0x65,0x43,0x66,  /*  name="tts.voiceCf */
    0x67,0x2e,0x53,0x4b,0x49,0x50,0x5f,0x57,0x4f,0x52,0x44,0x53,0x22,0x3e,0x0a,0x20,0x20,0x20,  /* g.SKIP_WORDS">.    */
    0x20,0x20,0x3c,0x76,0x61,0x6c,0x75,0x65,0x3e,0x20,0x30,0x20,0x3c,0x2f,0x76,0x61,0x6c,0x75,  /*   <value> 0 </valu */
    0x65,0x3e,0x0a,0x20,0x20,0x3c,0x2f,0x70,0x61,0x72,0x61,0x6d,0x3e,0x0a,0x0a,0x20,0x20,0x3c,  /* e>.  </param>..  < */
    0x70,0x61,0x72,0x61,0x6d,0x20,0x6e,0x61,0x6d,0x65,0x3d,0x22,0x74,0x74,0x73,0x2e,0x76,0x6f,  /* param name="tts.vo */
    0x69,0x63,0x65,0x43,0x66,0x67,0x2e,0x53,0x54,0x52,0x45,0x53,0x53,0x5f,0x4d,0x49,0x53,0x4d,  /* iceCfg.STRESS_MISM */
    0x41,0x54,0x43,0x48,0x5f,0x43,0x4f,0x53,0x54,0x22,0x3e,0x0a,0x20,0x20,0x20,0x20,0x20,0x3c,  /* ATCH_COST">.     < */
    0x76,0x61,0x6c,0x75,0x65,0x3e,0x20,0x2e,0x35,0x20,0x3c,0x2f,0x76,0x61,0x6c,0x75,0x65,0x3e,  /* value> .5 </value> */
    0x0a,0x20,0x20,0x3c,0x2f,0x70,0x61,0x72,0x61,0x6d,0x3e,0x0a,0x0a,0x20,0x20,0x3c,0x70,0x61,  /* .  </param>..  <pa */
    0x72,0x61,0x6d,0x20,0x6e,0x61,0x6d,0x65,0x3d,0x22,0x74,0x74,0x73,0x2e,0x76,0x6f,0x69,0x63,  /* ram name="tts.voic */
    0x65,0x43,0x66,0x67,0x2e,0x53,0x59,0x4c,0x5f,0x43,0x41,0x4e,0x44,0x5f,0x50,0x52,0x55,0x4e,  /* eCfg.SYL_CAND_PRUN */
    0x45,0x5f,0x53,0x4c,0x4f,0x50,0x45,0x22,0x3e,0x0a,0x20,0x20,0x20,0x20,0x20,0x3c,0x76,0x61,  /* E_SLOPE">.     <va */
    0x6c,0x75,0x65,0x3e,0x20,0x30,0x2e,0x30,0x30,0x35,0x20,0x3c,0x2f,0x76,0x61,0x6c,0x75,0x65,  /* lue> 0.005 </value */
    0x3e,0x0a,0x20,0x20,0x3c,0x2f,0x70,0x61,0x72,0x61,0x6d,0x3e,0x0a,0x0a,0x20,0x20,0x3c,0x70,  /* >.  </param>..  <p */
    0x61,0x72,0x61,0x6d,0x20,0x6e,0x61,0x6d,0x65,0x3d,0x22,0x74,0x74,0x73,0x2e,0x76,0x6f,0x69,  /* aram name="tts.voi */
    0x63,0x65,0x43,0x66,0x67,0x2e,0x53,0x59,0x4c,0x5f,0x43,0x41,0x4e,0x44,0x5f,0x50,0x52,0x55,  /* ceCfg.SYL_CAND_PRU */
    0x4e,0x45,0x5f,0x54,0x48,0x52,0x45,0x53,0x48,0x22,0x3e,0x0a,0x20,0x20,0x20,0x20,0x20,0x3c,  /* NE_THRESH">.     < */
    0x76,0x61,0x6c,0x75,0x65,0x3e,0x20,0x31,0x2e,0x30,0x20,0x3c,0x2f,0x76,0x61,0x6c,0x75,0x65,  /* value> 1.0 </value */
    0x3e,0x0a,0x20,0x20,0x3c,0x2f,0x70,0x61,0x72,0x61,0x6d,0x3e,0x0a,0x0a,0x20,0x20,0x3c,0x70,  /* >.  </param>..  <p */
    0x61,0x72,0x61,0x6d,0x20,0x6e,0x61,0x6d,0x65,0x3d,0x22,0x74,0x74,0x73,0x2e,0x76,0x6f,0x69,  /* aram name="tts.voi */
    0x63,0x65,0x43,0x66,0x67,0x2e,0x53,0x59,0x4c,0x5f,0x49,0x4e,0x5f,0x57,0x4f,0x52,0x44,0x5f,  /* ceCfg.SYL_IN_WORD_ */
    0x4d,0x49,0x53,0x4d,0x41,0x54,0x43,0x48,0x5f,0x43,0x4f,0x53,0x54,0x22,0x3e,0x0a,0x20,0x20,  /* MISMATCH_COST">.   */
    0x20,0x20,0x20,0x3c,0x76,0x61,0x6c,0x75,0x65,0x3e,0x20,0x30,0x20,0x3c,0x2f,0x76,0x61,0x6c,  /*    <value> 0 </val */
    0x75,0x65,0x3e,0x0a,0x20,0x20,0x3c,0x2f,0x70,0x61,0x72,0x61,0x6d,0x3e,0x0a,0x0a,0x20,0x20,  /* ue>.  </param>..   */
    0x3c,0x70,0x61,0x72,0x61,0x6d,0x20,0x6e,0x61,0x6d,0x65,0x3d,0x22,0x74,0x74,0x73,0x2e,0x76,  /* <param name="tts.v */
    0x6f,0x69,0x63,0x65,0x43,0x66,0x67,0x2e,0x55,0x4e,0x49,0x54,0x5f,0x42,0x49,0x41,0x53,0x5f,  /* oiceCfg.UNIT_BIAS_ */
    0x57,0x45,0x49,0x47,0x48,0x54,0x22,0x3e,0x0a,0x20,0x20,0x20,0x20,0x20,0x3c,0x76,0x61,0x6c,  /* WEIGHT">.     <val */
    0x75,0x65,0x3e,0x20,0x2e,0x31,0x20,0x3c,0x2f,0x76,0x61,0x6c,0x75,0x65,0x3e,0x0a,0x20,0x20,  /* ue> .1 </value>.   */
    0x3c,0x2f,0x70,0x61,0x72,0x61,0x6d,0x3e,0x0a,0x0a,0x20,0x20,0x3c,0x70,0x61,0x72,0x61,0x6d,  /* </param>..  <param */
    0x20,0x6e,0x61,0x6d,0x65,0x3d,0x22,0x74,0x74,0x73,0x2e,0x76,0x6f,0x69,0x63,0x65,0x43,0x66,  /*  name="tts.voiceCf */
    0x67,0x2e,0x55,0x53,0x45,0x5f,0x46,0x30,0x5f,0x50,0x52,0x4f,0x42,0x41,0x42,0x49,0x4c,0x49,  /* g.USE_F0_PROBABILI */
    0x54,0x49,0x45,0x53,0x22,0x3e,0x0a,0x20,0x20,0x20,0x20,0x20,0x3c,0x76,0x61,0x6c,0x75,0x65,  /* TIES">.     <value */
    0x3e,0x20,0x31,0x20,0x3c,0x2f,0x76,0x61,0x6c,0x75,0x65,0x3e,0x0a,0x20,0x20,0x3c,0x2f,0x70,  /* > 1 </value>.  </p */
    0x61,0x72,0x61,0x6d,0x3e,0x0a,0x0a,0x20,0x20,0x3c,0x70,0x61,0x72,0x61,0x6d,0x20,0x6e,0x61,  /* aram>..  <param na */
    0x6d,0x65,0x3d,0x22,0x74,0x74,0x73,0x2e,0x76,0x6f,0x69,0x63,0x65,0x43,0x66,0x67,0x2e,0x55,  /* me="tts.voiceCfg.U */
    0x53,0x45,0x5f,0x53,0x54,0x52,0x45,0x53,0x53,0x5f,0x41,0x4e,0x44,0x5f,0x50,0x41,0x22,0x3e,  /* SE_STRESS_AND_PA"> */
    0x0a,0x20,0x20,0x20,0x20,0x20,0x3c,0x76,0x61,0x6c,0x75,0x65,0x3e,0x20,0x31,0x20,0x3c,0x2f,  /* .     <value> 1 </ */
    0x76,0x61,0x6c,0x75,0x65,0x3e,0x0a,0x20,0x20,0x3c,0x2f,0x70,0x61,0x72,0x61,0x6d,0x3e,0x0a,  /* value>.  </param>. */
    0x0a,0x20,0x20,0x3c,0x70,0x61,0x72,0x61,0x6d,0x20,0x6e,0x61,0x6d,0x65,0x3d,0x22,0x74,0x74,  /* .  <param name="tt */
    0x73,0x2e,0x76,0x6f,0x69,0x63,0x65,0x43,0x66,0x67,0x2e,0x57,0x4f,0x52,0x44,0x5f,0x43,0x41,  /* s.voiceCfg.WORD_CA */
    0x4e,0x44,0x5f,0x50,0x52,0x55,0x4e,0x45,0x5f,0x53,0x4c,0x4f,0x50,0x45,0x22,0x3e,0x0a,0x20,  /* ND_PRUNE_SLOPE">.  */
    0x20,0x20,0x20,0x20,0x3c,0x76,0x61,0x6c,0x75,0x65,0x3e,0x20,0x30,0x2e,0x30,0x30,0x35,0x20,  /*     <value> 0.005  */
    0x3c,0x2f,0x76,0x61,0x6c,0x75,0x65,0x3e,0x0a,0x20,0x20,0x3c,0x2f,0x70,0x61,0x72,0x61,0x6d,  /* </value>.  </param */
    0x3e,0x0a,0x0a,0x20,0x20,0x3c,0x70,0x61,0x72,0x61,0x6d,0x20,0x6e,0x61,0x6d,0x65,0x3d,0x22,  /* >..  <param name=" */
    0x74,0x74,0x73,0x2e,0x76,0x6f,0x69,0x63,0x65,0x43,0x66,0x67,0x2e,0x57,0x4f,0x52,0x44,0x5f,  /* tts.voiceCfg.WORD_ */
    0x43,0x41,0x4e,0x44,0x5f,0x50,0x52,0x55,0x4e,0x45,0x5f,0x54,0x48,0x52,0x45,0x53,0x48,0x22,  /* CAND_PRUNE_THRESH" */
    0x3e,0x0a,0x20,0x20,0x20,0x20,0x20,0x3c,0x76,0x61,0x6c,0x75,0x65,0x3e,0x20,0x31,0x2e,0x30,  /* >.     <value> 1.0 */
    0x20,0x3c,0x2f,0x76,0x61,0x6c,0x75,0x65,0x3e,0x0a,0x20,0x20,0x3c,0x2f,0x70,0x61,0x72,0x61,  /*  </value>.  </para */
    0x6d,0x3e,0x0a,0x0a,0x20,0x20,0x3c,0x70,0x61,0x72,0x61,0x6d,0x20,0x6e,0x61,0x6d,0x65,0x3d,  /* m>..  <param name= */
    0x22,0x74,0x74,0x73,0x2e,0x76,0x6f,0x69,0x63,0x65,0x43,0x66,0x67,0x2e,0x57,0x4f,0x52,0x44,  /* "tts.voiceCfg.WORD */
    0x5f,0x49,0x4e,0x5f,0x50,0x48,0x52,0x41,0x53,0x45,0x5f,0x4d,0x49,0x53,0x4d,0x41,0x54,0x43,  /* _IN_PHRASE_MISMATC */
    0x48,0x5f,0x43,0x4f,0x53,0x54,0x22,0x3e,0x0a,0x20,0x20,0x20,0x20,0x20,0x3c,0x76,0x61,0x6c,  /* H_COST">.     <val */
    0x75,0x65,0x3e,0x20,0x2e,0x32,0x20,0x3c,0x2f,0x76,0x61,0x6c,0x75,0x65,0x3e,0x0a,0x20,0x20,  /* ue> .2 </value>.   */
    0x3c,0x2f,0x70,0x61,0x72,0x61,0x6d,0x3e,0x0a,0x0a,0x20,0x20,0x3c,0x70,0x61,0x72,0x61,0x6d,  /* </param>..  <param */
    0x20,0x6e,0x61,0x6d,0x65,0x3d,0x22,0x74,0x74,0x73,0x2e,0x76,0x6f,0x69,0x63,0x65,0x43,0x66,  /*  name="tts.voiceCf */
    0x67,0x2e,0x67,0x65,0x6e,0x64,0x65,0x72,0x22,0x3e,0x0a,0x20,0x20,0x20,0x20,0x20,0x3c,0x76,  /* g.gender">.     <v */
    0x61,0x6c,0x75,0x65,0x3e,0x20,0x66,0x65,0x6d,0x61,0x6c,0x65,0x20,0x3c,0x2f,0x76,0x61,0x6c,  /* alue> female </val */
    0x75,0x65,0x3e,0x0a,0x20,0x20,0x3c,0x2f,0x70,0x61,0x72,0x61,0x6d,0x3e,0x0a,0x0a,0x20,0x20,  /* ue>.  </param>..   */
    0x3c,0x70,0x61,0x72,0x61,0x6d,0x20,0x6e,0x61,0x6d,0x65,0x3d,0x22,0x74,0x74,0x73,0x2e,0x76,  /* <param name="tts.v */
    0x6f,0x69,0x63,0x65,0x43,0x66,0x67,0x2e,0x67,0x65,0x6e,0x66,0x30,0x64,0x75,0x72,0x22,0x3e,  /* oiceCfg.genf0dur"> */
    0x0a,0x20,0x20,0x20,0x20,0x20,0x3c,0x76,0x61,0x6c,0x75,0x65,0x3e,0x20,0x30,0x20,0x3c,0x2f,  /* .     <value> 0 </ */
    0x76,0x61,0x6c,0x75,0x65,0x3e,0x0a,0x20,0x20,0x3c,0x2f,0x70,0x61,0x72,0x61,0x6d,0x3e,0x0a,  /* value>.  </param>. */
    0x0a,0x20,0x20,0x3c,0x70,0x61,0x72,0x61,0x6d,0x20,0x6e,0x61,0x6d,0x65,0x3d,0x22,0x74,0x74,  /* .  <param name="tt */
    0x73,0x2e,0x76,0x6f,0x69,0x63,0x65,0x43,0x66,0x67,0x2e,0x69,0x6e,0x64,0x65,0x78,0x22,0x3e,  /* s.voiceCfg.index"> */
    0x0a,0x20,0x20,0x20,0x20,0x20,0x3c,0x76,0x61,0x6c,0x75,0x65,0x3e,0x20,0x24,0x7b,0x78,0x6d,  /* .     <value> ${xm */
    0x6c,0x3a,0x62,0x61,0x73,0x65,0x7d,0x2f,0x24,0x7b,0x74,0x74,0x73,0x2e,0x76,0x6f,0x69,0x63,  /* l:base}/${tts.voic */
    0x65,0x2e,0x6e,0x61,0x6d,0x65,0x7d,0x2e,0x76,0x69,0x6e,0x20,0x3c,0x2f,0x76,0x61,0x6c,0x75,  /* e.name}.vin </valu */
    0x65,0x3e,0x0a,0x20,0x20,0x3c,0x2f,0x70,0x61,0x72,0x61,0x6d,0x3e,0x0a,0x0a,0x20,0x20,0x3c,  /* e>.  </param>..  < */
    0x70,0x61,0x72,0x61,0x6d,0x20,0x6e,0x61,0x6d,0x65,0x3d,0x22,0x74,0x74,0x73,0x2e,0x76,0x6f,  /* param name="tts.vo */
    0x69,0x63,0x65,0x43,0x66,0x67,0x2e,0x6c,0x61,0x6e,0x67,0x75,0x61,0x67,0x65,0x22,0x3e,0x0a,  /* iceCfg.language">. */
    0x20,0x20,0x20,0x20,0x20,0x3c,0x76,0x61,0x6c,0x75,0x65,0x3e,0x20,0x65,0x6e,0x2d,0x55,0x53,  /*      <value> en-US */
    0x20,0x3c,0x2f,0x76,0x61,0x6c,0x75,0x65,0x3e,0x0a,0x20,0x20,0x3c,0x2f,0x70,0x61,0x72,0x61,  /*  </value>.  </para */
    0x6d,0x3e,0x0a,0x0a,0x20,0x20,0x3c,0x70,0x61,0x72,0x61,0x6d,0x20,0x6e,0x61,0x6d,0x65,0x3d,  /* m>..  <param name= */
    0x22,0x74,0x74,0x73,0x2e,0x76,0x6f,0x69,0x63,0x65,0x43,0x66,0x67,0x2e,0x6e,0x61,0x6d,0x65,  /* "tts.voiceCfg.name */
    0x22,0x3e,0x0a,0x20,0x20,0x20,0x20,0x20,0x3c,0x76,0x61,0x6c,0x75,0x65,0x3e,0x20,0x4a,0x69,  /* ">.     <value> Ji */
    0x6c,0x6c,0x20,0x3c,0x2f,0x76,0x61,0x6c,0x75,0x65,0x3e,0x0a,0x20,0x20,0x3c,0x2f,0x70,0x61,  /* ll </value>.  </pa */
    0x72,0x61,0x6d,0x3e,0x0a,0x0a,0x20,0x20,0x3c,0x70,0x61,0x72,0x61,0x6d,0x20,0x6e,0x61,0x6d,  /* ram>..  <param nam */
    0x65,0x3d,0x22,0x74,0x74,0x73,0x2e,0x76,0x6f,0x69,0x63,0x65,0x43,0x66,0x67,0x2e,0x70,0x68,  /* e="tts.voiceCfg.ph */
    0x6f,0x6e,0x65,0x73,0x65,0x74,0x22,0x3e,0x0a,0x20,0x20,0x20,0x20,0x20,0x3c,0x76,0x61,0x6c,  /* oneset">.     <val */
    0x75,0x65,0x3e,0x20,0x73,0x77,0x69,0x5f,0x70,0x6c,0x75,0x73,0x5f,0x69,0x78,0x20,0x3c,0x2f,  /* ue> swi_plus_ix </ */
    0x76,0x61,0x6c,0x75,0x65,0x3e,0x0a,0x20,0x20,0x3c,0x2f,0x70,0x61,0x72,0x61,0x6d,0x3e,0x0a,  /* value>.  </param>. */
    0x0a,0x20,0x20,0x3c,0x70,0x61,0x72,0x61,0x6d,0x20,0x6e,0x61,0x6d,0x65,0x3d,0x22,0x74,0x74,  /* .  <param name="tt */
    0x73,0x2e,0x76,0x6f,0x69,0x63,0x65,0x43,0x66,0x67,0x2e,0x73,0x70,0x65,0x65,0x63,0x68,0x64,  /* s.voiceCfg.speechd */
    0x62,0x22,0x3e,0x0a,0x20,0x20,0x20,0x20,0x20,0x3c,0x76,0x61,0x6c,0x75,0x65,0x3e,0x20,0x24,  /* b">.     <value> $ */
    0x7b,0x78,0x6d,0x6c,0x3a,0x62,0x61,0x73,0x65,0x7d,0x2f,0x24,0x7b,0x74,0x74,0x73,0x2e,0x76,  /* {xml:base}/${tts.v */
    0x6f,0x69,0x63,0x65,0x2e,0x6e,0x61,0x6d,0x65,0x7d,0x24,0x7b,0x74,0x74,0x73,0x2e,0x76,0x6f,  /* oice.name}${tts.vo */
    0x69,0x63,0x65,0x2e,0x66,0x6f,0x72,0x6d,0x61,0x74,0x7d,0x2e,0x76,0x64,0x62,0x20,0x3c,0x2f,  /* ice.format}.vdb </ */
    0x76,0x61,0x6c,0x75,0x65,0x3e,0x0a,0x20,0x20,0x3c,0x2f,0x70,0x61,0x72,0x61,0x6d,0x3e,0x0a,  /* value>.  </param>. */
    0x0a,0x20,0x20,0x3c,0x70,0x61,0x72,0x61,0x6d,0x20,0x6e,0x61,0x6d,0x65,0x3d,0x22,0x74,0x74,  /* .  <param name="tt */
    0x73,0x2e,0x76,0x6f,0x69,0x63,0x65,0x43,0x66,0x67,0x2e,0x75,0x73,0x65,0x5f,0x64,0x79,0x6e,  /* s.voiceCfg.use_dyn */
    0x61,0x6d,0x69,0x63,0x5f,0x63,0x6f,0x73,0x74,0x22,0x3e,0x0a,0x20,0x20,0x20,0x20,0x20,0x3c,  /* amic_cost">.     < */
    0x76,0x61,0x6c,0x75,0x65,0x3e,0x20,0x31,0x20,0x3c,0x2f,0x76,0x61,0x6c,0x75,0x65,0x3e,0x0a,  /* value> 1 </value>. */
    0x20,0x20,0x3c,0x2f,0x70,0x61,0x72,0x61,0x6d,0x3e,0x0a,0x0a,0x20,0x20,0x3c,0x70,0x61,0x72,  /*   </param>..  <par */
    0x61,0x6d,0x20,0x6e,0x61,0x6d,0x65,0x3d,0x22,0x74,0x74,0x73,0x2e,0x76,0x6f,0x69,0x63,0x65,  /* am name="tts.voice */
    0x43,0x66,0x67,0x2e,0x75,0x73,0x65,0x5f,0x65,0x64,0x67,0x65,0x66,0x72,0x61,0x6d,0x65,0x73,  /* Cfg.use_edgeframes */
    0x22,0x3e,0x0a,0x20,0x20,0x20,0x20,0x20,0x3c,0x76,0x61,0x6c,0x75,0x65,0x3e,0x20,0x30,0x20,  /* ">.     <value> 0  */
    0x3c,0x2f,0x76,0x61,0x6c,0x75,0x65,0x3e,0x0a,0x20,0x20,0x3c,0x2f,0x70,0x61,0x72,0x61,0x6d,  /* </value>.  </param */
    0x3e,0x0a,0x0a,0x20,0x20,0x3c,0x70,0x61,0x72,0x61,0x6d,0x20,0x6e,0x61,0x6d,0x65,0x3d,0x22,  /* >..  <param name=" */
    0x74,0x74,0x73,0x2e,0x76,0x6f,0x69,0x63,0x65,0x43,0x66,0x67,0x2e,0x75,0x73,0x65,0x5f,0x6a,  /* tts.voiceCfg.use_j */
    0x6f,0x69,0x6e,0x63,0x61,0x63,0x68,0x65,0x22,0x3e,0x0a,0x20,0x20,0x20,0x20,0x20,0x3c,0x76,  /* oincache">.     <v */
    0x61,0x6c,0x75,0x65,0x3e,0x20,0x31,0x20,0x3c,0x2f,0x76,0x61,0x6c,0x75,0x65,0x3e,0x0a,0x20,  /* alue> 1 </value>.  */
    0x20,0x3c,0x2f,0x70,0x61,0x72,0x61,0x6d,0x3e,0x0a,0x0a,0x20,0x20,0x3c,0x70,0x61,0x72,0x61,  /*  </param>..  <para */
    0x6d,0x20,0x6e,0x61,0x6d,0x65,0x3d,0x22,0x74,0x74,0x73,0x2e,0x76,0x6f,0x69,0x63,0x65,0x43,  /* m name="tts.voiceC */
    0x66,0x67,0x2e,0x76,0x65,0x72,0x73,0x69,0x6f,0x6e,0x22,0x3e,0x0a,0x20,0x20,0x20,0x20,0x20,  /* fg.version">.      */
    0x3c,0x76,0x61,0x6c,0x75,0x65,0x3e,0x20,0x33,0x2e,0x30,0x2e,0x30,0x2e,0x30,0x20,0x3c,0x2f,  /* <value> 3.0.0.0 </ */
    0x76,0x61,0x6c,0x75,0x65,0x3e,0x0a,0x20,0x20,0x3c,0x2f,0x70,0x61,0x72,0x61,0x6d,0x3e,0x0a,  /* value>.  </param>. */
    0x0a,0x20,0x20,0x3c,0x70,0x61,0x72,0x61,0x6d,0x20,0x6e,0x61,0x6d,0x65,0x3d,0x22,0x74,0x74,  /* .  <param name="tt */
    0x73,0x2e,0x76,0x6f,0x69,0x63,0x65,0x43,0x66,0x67,0x2e,0x70,0x68,0x6f,0x6e,0x65,0x73,0x22,  /* s.voiceCfg.phones" */
    0x3e,0x0a,0x20,0x20,0x20,0x20,0x20,0x3c,0x6e,0x61,0x6d,0x65,0x64,0x56,0x61,0x6c,0x75,0x65,  /* >.     <namedValue */
    0x20,0x6e,0x61,0x6d,0x65,0x3d,0x22,0x61,0x61,0x22,0x3e,0x20,0x76,0x6f,0x69,0x63,0x65,0x64,  /*  name="aa"> voiced */
    0x20,0x76,0x6f,0x77,0x65,0x6c,0x20,0x3c,0x2f,0x6e,0x61,0x6d,0x65,0x64,0x56,0x61,0x6c,0x75,  /*  vowel </namedValu */
    0x65,0x3e,0x0a,0x20,0x20,0x20,0x20,0x20,0x3c,0x6e,0x61,0x6d,0x65,0x64,0x56,0x61,0x6c,0x75,  /* e>.     <namedValu */
    0x65,0x20,0x6e,0x61,0x6d,0x65,0x3d,0x22,0x61,0x65,0x22,0x3e,0x20,0x76,0x6f,0x69,0x63,0x65,  /* e name="ae"> voice */
    0x64,0x20,0x76,0x6f,0x77,0x65,0x6c,0x20,0x3c,0x2f,0x6e,0x61,0x6d,0x65,0x64,0x56,0x61,0x6c,  /* d vowel </namedVal */
    0x75,0x65,0x3e,0x0a,0x20,0x20,0x20,0x20,0x20,0x3c,0x6e,0x61,0x6d,0x65,0x64,0x56,0x61,0x6c,  /* ue>.     <namedVal */
    0x75,0x65,0x20,0x6e,0x61,0x6d,0x65,0x3d,0x22,0x61,0x68,0x22,0x3e,0x20,0x76,0x6f,0x69,0x63,  /* ue name="ah"> voic */
    0x65,0x64,0x20,0x76,0x6f,0x77,0x65,0x6c,0x20,0x3c,0x2f,0x6e,0x61,0x6d,0x65,0x64,0x56,0x61,  /* ed vowel </namedVa */
    0x6c,0x75,0x65,0x3e,0x0a,0x20,0x20,0x20,0x20,0x20,0x3c,0x6e,0x61,0x6d,0x65,0x64,0x56,0x61,  /* lue>.     <namedVa */
    0x6c,0x75,0x65,0x20,0x6e,0x61,0x6d,0x65,0x3d,0x22,0x61,0x6f,0x22,0x3e,0x20,0x76,0x6f,0x69,  /* lue name="ao"> voi */
    0x63,0x65,0x64,0x20,0x76,0x6f,0x77,0x65,0x6c,0x20,0x3c,0x2f,0x6e,0x61,0x6d,0x65,0x64,0x56,  /* ced vowel </namedV */
    0x61,0x6c,0x75,0x65,0x3e,0x0a,0x20,0x20,0x20,0x20,0x20,0x3c,0x6e,0x61,0x6d,0x65,0x64,0x56,  /* alue>.     <namedV */
    0x61,0x6c,0x75,0x65,0x20,0x6e,0x61,0x6d,0x65,0x3d,0x22,0x61,0x77,0x22,0x3e,0x20,0x76,0x6f,  /* alue name="aw"> vo */
    0x69,0x63,0x65,0x64,0x20,0x76,0x6f,0x77,0x65,0x6c,0x20,0x3c,0x2f,0x6e,0x61,0x6d,0x65,0x64,  /* iced vowel </named */
    0x56,0x61,0x6c,0x75,0x65,0x3e,0x0a,0x20,0x20,0x20,0x20,0x20,0x3c,0x6e,0x61,0x6d,0x65,0x64,  /* Value>.     <named */
    0x56,0x61,0x6c,0x75,0x65,0x20,0x6e,0x61,0x6d,0x65,0x3d,0x22,0x61,0x78,0x22,0x3e,0x20,0x76,  /* Value name="ax"> v */
    0x6f,0x69,0x63,0x65,0x64,0x20,0x76,0x6f,0x77,0x65,0x6c,0x20,0x3c,0x2f,0x6e,0x61,0x6d,0x65,  /* oiced vowel </name */
    0x64,0x56,0x61,0x6c,0x75,0x65,0x3e,0x0a,0x20,0x20,0x20,0x20,0x20,0x3c,0x6e,0x61,0x6d,0x65,  /* dValue>.     <name */
    0x64,0x56,0x61,0x6c,0x75,0x65,0x20,0x6e,0x61,0x6d,0x65,0x3d,0x22,0x61,0x79,0x22,0x3e,0x20,  /* dValue name="ay">  */
    0x76,0x6f,0x69,0x63,0x65,0x64,0x20,0x76,0x6f,0x77,0x65,0x6c,0x20,0x3c,0x2f,0x6e,0x61,0x6d,  /* voiced vowel </nam */
    0x65,0x64,0x56,0x61,0x6c,0x75,0x65,0x3e,0x0a,0x20,0x20,0x20,0x20,0x20,0x3c,0x6e,0x61,0x6d,  /* edValue>.     <nam */
    0x65,0x64,0x56,0x61,0x6c,0x75,0x65,0x20,0x6e,0x61,0x6d,0x65,0x3d,0x22,0x62,0x22,0x3e,0x20,  /* edValue name="b">  */
    0x20,0x3c,0x2f,0x6e,0x61,0x6d,0x65,0x64,0x56,0x61,0x6c,0x75,0x65,0x3e,0x0a,0x20,0x20,0x20,  /*  </namedValue>.    */
    0x20,0x20,0x3c,0x6e,0x61,0x6d,0x65,0x64,0x56,0x61,0x6c,0x75,0x65,0x20,0x6e,0x61,0x6d,0x65,  /*   <namedValue name */
    0x3d,0x22,0x63,0x68,0x22,0x3e,0x20,0x20,0x3c,0x2f,0x6e,0x61,0x6d,0x65,0x64,0x56,0x61,0x6c,  /* ="ch">  </namedVal */
    0x75,0x65,0x3e,0x0a,0x20,0x20,0x20,0x20,0x20,0x3c,0x6e,0x61,0x6d,0x65,0x64,0x56,0x61,0x6c,  /* ue>.     <namedVal */
    0x75,0x65,0x20,0x6e,0x61,0x6d,0x65,0x3d,0x22,0x64,0x22,0x3e,0x20,0x20,0x3c,0x2f,0x6e,0x61,  /* ue name="d">  </na */
    0x6d,0x65,0x64,0x56,0x61,0x6c,0x75,0x65,0x3e,0x0a,0x20,0x20,0x20,0x20,0x20,0x3c,0x6e,0x61,  /* medValue>.     <na */
    0x6d,0x65,0x64,0x56,0x61,0x6c,0x75,0x65,0x20,0x6e,0x61,0x6d,0x65,0x3d,0x22,0x64,0x68,0x22,  /* medValue name="dh" */
    0x3e,0x20,0x20,0x3c,0x2f,0x6e,0x61,0x6d,0x65,0x64,0x56,0x61,0x6c,0x75,0x65,0x3e,0x0a,0x20,  /* >  </namedValue>.  */
    0x20,0x20,0x20,0x20,0x3c,0x6e,0x61,0x6d,0x65,0x64,0x56,0x61,0x6c,0x75,0x65,0x20,0x6e,0x61,  /*     <namedValue na */
    0x6d,0x65,0x3d,0x22,0x64,0x78,0x22,0x3e,0x20,0x20,0x3c,0x2f,0x6e,0x61,0x6d,0x65,0x64,0x56,  /* me="dx">  </namedV */
    0x61,0x6c,0x75,0x65,0x3e,0x0a,0x20,0x20,0x20,0x20,0x20,0x3c,0x6e,0x61,0x6d,0x65,0x64,0x56,  /* alue>.     <namedV */
    0x61,0x6c,0x75,0x65,0x20,0x6e,0x61,0x6d,0x65,0x3d,0x22,0x65,0x68,0x22,0x3e,0x20,0x76,0x6f,  /* alue name="eh"> vo */
    0x69,0x63,0x65,0x64,0x20,0x76,0x6f,0x77,0x65,0x6c,0x20,0x3c,0x2f,0x6e,0x61,0x6d,0x65,0x64,  /* iced vowel </named */
    0x56,0x61,0x6c,0x75,0x65,0x3e,0x0a,0x20,0x20,0x20,0x20,0x20,0x3c,0x6e,0x61,0x6d,0x65,0x64,  /* Value>.     <named */
    0x56,0x61,0x6c,0x75,0x65,0x20,0x6e,0x61,0x6d,0x65,0x3d,0x22,0x65,0x6c,0x22,0x3e,0x20,0x76,  /* Value name="el"> v */
    0x6f,0x69,0x63,0x65,0x64,0x20,0x76,0x6f,0x77,0x65,0x6c,0x20,0x3c,0x2f,0x6e,0x61,0x6d,0x65,  /* oiced vowel </name */
    0x64,0x56,0x61,0x6c,0x75,0x65,0x3e,0x0a,0x20,0x20,0x20,0x20,0x20,0x3c,0x6e,0x61,0x6d,0x65,  /* dValue>.     <name */
    0x64,0x56,0x61,0x6c,0x75,0x65,0x20,0x6e,0x61,0x6d,0x65,0x3d,0x22,0x65,0x6e,0x22,0x3e,0x20,  /* dValue name="en">  */
    0x76,0x6f,0x69,0x63,0x65,0x64,0x20,0x76,0x6f,0x77,0x65,0x6c,0x20,0x3c,0x2f,0x6e,0x61,0x6d,  /* voiced vowel </nam */
    0x65,0x64,0x56,0x61,0x6c,0x75,0x65,0x3e,0x0a,0x20,0x20,0x20,0x20,0x20,0x3c,0x6e,0x61,0x6d,  /* edValue>.     <nam */
    0x65,0x64,0x56,0x61,0x6c,0x75,0x65,0x20,0x6e,0x61,0x6d,0x65,0x3d,0x22,0x65,0x72,0x22,0x3e,  /* edValue name="er"> */
    0x20,0x76,0x6f,0x69,0x63,0x65,0x64,0x20,0x76,0x6f,0x77,0x65,0x6c,0x20,0x3c,0x2f,0x6e,0x61,  /*  voiced vowel </na */
    0x6d,0x65,0x64,0x56,0x61,0x6c,0x75,0x65,0x3e,0x0a,0x20,0x20,0x20,0x20,0x20,0x3c,0x6e,0x61,  /* medValue>.     <na */
    0x6d,0x65,0x64,0x56,0x61,0x6c,0x75,0x65,0x20,0x6e,0x61,0x6d,0x65,0x3d,0x22,0x65,0x79,0x22,  /* medValue name="ey" */
    0x3e,0x20,0x76,0x6f,0x69,0x63,0x65,0x64,0x20,0x76,0x6f,0x77,0x65,0x6c,0x20,0x3c,0x2f,0x6e,  /* > voiced vowel </n */
    0x61,0x6d,0x65,0x64,0x56,0x61,0x6c,0x75,0x65,0x3e,0x0a,0x20,0x20,0x20,0x20,0x20,0x3c,0x6e,  /* amedValue>.     <n */
    0x61,0x6d,0x65,0x64,0x56,0x61,0x6c,0x75,0x65,0x20,0x6e,0x61,0x6d,0x65,0x3d,0x22,0x66,0x22,  /* amedValue name="f" */
    0x3e,0x20,0x20,0x3c,0x2f,0x6e,0x61,0x6d,0x65,0x64,0x56,0x61,0x6c,0x75,0x65,0x3e,0x0a,0x20,  /* >  </namedValue>.  */
    0x20,0x20,0x20,0x20,0x3c,0x6e,0x61,0x6d,0x65,0x64,0x56,0x61,0x6c,0x75,0x65,0x20,0x6e,0x61,  /*     <namedValue na */
    0x6d,0x65,0x3d,0x22,0x67,0x22,0x3e,0x20,0x20,0x3c,0x2f,0x6e,0x61,0x6d,0x65,0x64,0x56,0x61,  /* me="g">  </namedVa */
    0x6c,0x75,0x65,0x3e,0x0a,0x20,0x20,0x20,0x20,0x20,0x3c,0x6e,0x61,0x6d,0x65,0x64,0x56,0x61,  /* lue>.     <namedVa */
    0x6c,0x75,0x65,0x20,0x6e,0x61,0x6d,0x65,0x3d,0x22,0x68,0x68,0x22,0x3e,0x20,0x20,0x3c,0x2f,  /* lue name="hh">  </ */
    0x6e,0x61,0x6d,0x65,0x64,0x56,0x61,0x6c,0x75,0x65,0x3e,0x0a,0x20,0x20,0x20,0x20,0x20,0x3c,  /* namedValue>.     < */
    0x6e,0x61,0x6d,0x65,0x64,0x56,0x61,0x6c,0x75,0x65,0x20,0x6e,0x61,0x6d,0x65,0x3d,0x22,0x69,  /* namedValue name="i */
    0x68,0x22,0x3e,0x20,0x76,0x6f,0x69,0x63,0x65,0x64,0x20,0x76,0x6f,0x77,0x65,0x6c,0x20,0x3c,  /* h"> voiced vowel < */
    0x2f,0x6e,0x61,0x6d,0x65,0x64,0x56,0x61,0x6c,0x75,0x65,0x3e,0x0a,0x20,0x20,0x20,0x20,0x20,  /* /namedValue>.      */
    0x3c,0x6e,0x61,0x6d,0x65,0x64,0x56,0x61,0x6c,0x75,0x65,0x20,0x6e,0x61,0x6d,0x65,0x3d,0x22,  /* <namedValue name=" */
    0x69,0x78,0x22,0x3e,0x20,0x76,0x6f,0x69,0x63,0x65,0x64,0x20,0x76,0x6f,0x77,0x65,0x6c,0x20,  /* ix"> voiced vowel  */
    0x3c,0x2f,0x6e,0x61,0x6d,0x65,0x64,0x56,0x61,0x6c,0x75,0x65,0x3e,0x0a,0x20,0x20,0x20,0x20,  /* </namedValue>.     */
    0x20,0x3c,0x6e,0x61,0x6d,0x65,0x64,0x56,0x61,0x6c,0x75,0x65,0x20,0x6e,0x61,0x6d,0x65,0x3d,  /*  <namedValue name= */
    0x22,0x69,0x79,0x22,0x3e,0x20,0x76,0x6f,0x69,0x63,0x65,0x64,0x20,0x76,0x6f,0x77,0x65,0x6c,  /* "iy"> voiced vowel */
    0x20,0x3c,0x2f,0x6e,0x61,0x6d,0x65,0x64,0x56,0x61,0x6c,0x75,0x65,0x3e,0x0a,0x20,0x20,0x20,  /*  </namedValue>.    */
    0x20,0x20,0x3c,0x6e,0x61,0x6d,0x65,0x64,0x56,0x61,0x6c,0x75,0x65,0x20,0x6e,0x61,0x6d,0x65,  /*   <namedValue name */
    0x3d,0x22,0x6a,0x68,0x22,0x3e,0x20,0x76,0x6f,0x69,0x63,0x65,0x64,0x20,0x3c,0x2f,0x6e,0x61,  /* ="jh"> voiced </na */
    0x6d,0x65,0x64,0x56,0x61,0x6c,0x75,0x65,0x3e,0x0a,0x20,0x20,0x20,0x20,0x20,0x3c,0x6e,0x61,  /* medValue>.     <na */
    0x6d,0x65,0x64,0x56,0x61,0x6c,0x75,0x65,0x20,0x6e,0x61,0x6d,0x65,0x3d,0x22,0x6b,0x22,0x3e,  /* medValue name="k"> */
    0x20,0x20,0x3c,0x2f,0x6e,0x61,0x6d,0x65,0x64,0x56,0x61,0x6c,0x75,0x65,0x3e,0x0a,0x20,0x20,  /*   </namedValue>.   */
    0x20,0x20,0x20,0x3c,0x6e,0x61,0x6d,0x65,0x64,0x56,0x61,0x6c,0x75,0x65,0x20,0x6e,0x61,0x6d,  /*    <namedValue nam */
    0x65,0x3d,0x22,0x6c,0x22,0x3e,0x20,0x76,0x6f,0x69,0x63,0x65,0x64,0x20,0x3c,0x2f,0x6e,0x61,  /* e="l"> voiced </na */
    0x6d,0x65,0x64,0x56,0x61,0x6c,0x75,0x65,0x3e,0x0a,0x20,0x20,0x20,0x20,0x20,0x3c,0x6e,0x61,  /* medValue>.     <na */
    0x6d,0x65,0x64,0x56,0x61,0x6c,0x75,0x65,0x20,0x6e,0x61,0x6d,0x65,0x3d,0x22,0x6d,0x22,0x3e,  /* medValue name="m"> */
    0x20,0x76,0x6f,0x69,0x63,0x65,0x64,0x20,0x3c,0x2f,0x6e,0x61,0x6d,0x65,0x64,0x56,0x61,0x6c,  /*  voiced </namedVal */
    0x75,0x65,0x3e,0x0a,0x20,0x20,0x20,0x20,0x20,0x3c,0x6e,0x61,0x6d,0x65,0x64,0x56,0x61,0x6c,  /* ue>.     <namedVal */
    0x75,0x65,0x20,0x6e,0x61,0x6d,0x65,0x3d,0x22,0x6e,0x22,0x3e,0x20,0x76,0x6f,0x69,0x63,0x65,  /* ue name="n"> voice */
    0x64,0x20,0x3c,0x2f,0x6e,0x61,0x6d,0x65,0x64,0x56,0x61,0x6c,0x75,0x65,0x3e,0x0a,0x20,0x20,  /* d </namedValue>.   */
    0x20,0x20,0x20,0x3c,0x6e,0x61,0x6d,0x65,0x64,0x56,0x61,0x6c,0x75,0x65,0x20,0x6e,0x61,0x6d,  /*    <namedValue nam */
    0x65,0x3d,0x22,0x6e,0x67,0x22,0x3e,0x20,0x76,0x6f,0x69,0x63,0x65,0x64,0x20,0x3c,0x2f,0x6e,  /* e="ng"> voiced </n */
    0x61,0x6d,0x65,0x64,0x56,0x61,0x6c,0x75,0x65,0x3e,0x0a,0x20,0x20,0x20,0x20,0x20,0x3c,0x6e,  /* amedValue>.     <n */
    0x61,0x6d,0x65,0x64,0x56,0x61,0x6c,0x75,0x65,0x20,0x6e,0x61,0x6d,0x65,0x3d,0x22,0x6f,0x77,  /* amedValue name="ow */
    0x22,0x3e,0x20,0x76,0x6f,0x69,0x63,0x65,0x64,0x20,0x76,0x6f,0x77,0x65,0x6c,0x20,0x3c,0x2f,  /* "> voiced vowel </ */
    0x6e,0x61,0x6d,0x65,0x64,0x56,0x61,0x6c,0x75,0x65,0x3e,0x0a,0x20,0x20,0x20,0x20,0x20,0x3c,  /* namedValue>.     < */
    0x6e,0x61,0x6d,0x65,0x64,0x56,0x61,0x6c,0x75,0x65,0x20,0x6e,0x61,0x6d,0x65,0x3d,0x22,0x6f,  /* namedValue name="o */
    0x79,0x22,0x3e,0x20,0x76,0x6f,0x69,0x63,0x65,0x64,0x20,0x76,0x6f,0x77,0x65,0x6c,0x20,0x3c,  /* y"> voiced vowel < */
    0x2f,0x6e,0x61,0x6d,0x65,0x64,0x56,0x61,0x6c,0x75,0x65,0x3e,0x0a,0x20,0x20,0x20,0x20,0x20,  /* /namedValue>.      */
    0x3c,0x6e,0x61,0x6d,0x65,0x64,0x56,0x61,0x6c,0x75,0x65,0x20,0x6e,0x61,0x6d,0x65,0x3d,0x22,  /* <namedValue name=" */
    0x70,0x22,0x3e,0x20,0x20,0x3c,0x2f,0x6e,0x61,0x6d,0x65,0x64,0x56,0x61,0x6c,0x75,0x65,0x3e,  /* p">  </namedValue> */
    0x0a,0x20,0x20,0x20,0x20,0x20,0x3c,0x6e,0x61,0x6d,0x65,0x64,0x56,0x61,0x6c,0x75,0x65,0x20,  /* .     <namedValue  */
    0x6e,0x61,0x6d,0x65,0x3d,0x22,0x70,0x61,0x75,0x22,0x3e,0x20,0x20,0x3c,0x2f,0x6e,0x61,0x6d,  /* name="pau">  </nam */
    0x65,0x64,0x56,0x61,0x6c,0x75,0x65,0x3e,0x0a,0x20,0x20,0x20,0x20,0x20,0x3c,0x6e,0x61,0x6d,  /* edValue>.     <nam */
    0x65,0x64,0x56,0x61,0x6c,0x75,0x65,0x20,0x6e,0x61,0x6d,0x65,0x3d,0x22,0x72,0x22,0x3e,0x20,  /* edValue name="r">  */
    0x76,0x6f,0x69,0x63,0x65,0x64,0x20,0x3c,0x2f,0x6e,0x61,0x6d,0x65,0x64,0x56,0x61,0x6c,0x75,  /* voiced </namedValu */
    0x65,0x3e,0x0a,0x20,0x20,0x20,0x20,0x20,0x3c,0x6e,0x61,0x6d,0x65,0x64,0x56,0x61,0x6c,0x75,  /* e>.     <namedValu */
    0x65,0x20,0x6e,0x61,0x6d,0x65,0x3d,0x22,0x73,0x22,0x3e,0x20,0x20,0x3c,0x2f,0x6e,0x61,0x6d,  /* e name="s">  </nam */
    0x65,0x64,0x56,0x61,0x6c,0x75,0x65,0x3e,0x0a,0x20,0x20,0x20,0x20,0x20,0x3c,0x6e,0x61,0x6d,  /* edValue>.     <nam */
    0x65,0x64,0x56,0x61,0x6c,0x75,0x65,0x20,0x6e,0x61,0x6d,0x65,0x3d,0x22,0x73,0x68,0x22,0x3e,  /* edValue name="sh"> */
    0x20,0x20,0x3c,0x2f,0x6e,0x61,0x6d,0x65,0x64,0x56,0x61,0x6c,0x75,0x65,0x3e,0x0a,0x20,0x20,  /*   </namedValue>.   */
    0x20,0x20,0x20,0x3c,0x6e,0x61,0x6d,0x65,0x64,0x56,0x61,0x6c,0x75,0x65,0x20,0x6e,0x61,0x6d,  /*    <namedValue nam */
    0x65,0x3d,0x22,0x74,0x22,0x3e,0x20,0x20,0x3c,0x2f,0x6e,0x61,0x6d,0x65,0x64,0x56,0x61,0x6c,  /* e="t">  </namedVal */
    0x75,0x65,0x3e,0x0a,0x20,0x20,0x20,0x20,0x20,0x3c,0x6e,0x61,0x6d,0x65,0x64,0x56,0x61,0x6c,  /* ue>.     <namedVal */
    0x75,0x65,0x20,0x6e,0x61,0x6d,0x65,0x3d,0x22,0x74,0x68,0x22,0x3e,0x20,0x20,0x3c,0x2f,0x6e,  /* ue name="th">  </n */
    0x61,0x6d,0x65,0x64,0x56,0x61,0x6c,0x75,0x65,0x3e,0x0a,0x20,0x20,0x20,0x20,0x20,0x3c,0x6e,  /* amedValue>.     <n */
    0x61,0x6d,0x65,0x64,0x56,0x61,0x6c,0x75,0x65,0x20,0x6e,0x61,0x6d,0x65,0x3d,0x22,0x75,0x68,  /* amedValue name="uh */
    0x22,0x3e,0x20,0x76,0x6f,0x69,0x63,0x65,0x64,0x20,0x76,0x6f,0x77,0x65,0x6c,0x20,0x3c,0x2f,  /* "> voiced vowel </ */
    0x6e,0x61,0x6d,0x65,0x64,0x56,0x61,0x6c,0x75,0x65,0x3e,0x0a,0x20,0x20,0x20,0x20,0x20,0x3c,  /* namedValue>.     < */
    0x6e,0x61,0x6d,0x65,0x64,0x56,0x61,0x6c,0x75,0x65,0x20,0x6e,0x61,0x6d,0x65,0x3d,0x22,0x75,  /* namedValue name="u */
    0x77,0x22,0x3e,0x20,0x76,0x6f,0x69,0x63,0x65,0x64,0x20,0x76,0x6f,0x77,0x65,0x6c,0x20,0x3c,  /* w"> voiced vowel < */
    0x2f,0x6e,0x61,0x6d,0x65,0x64,0x56,0x61,0x6c,0x75,0x65,0x3e,0x0a,0x20,0x20,0x20,0x20,0x20,  /* /namedValue>.      */
    0x3c,0x6e,0x61,0x6d,0x65,0x64,0x56,0x61,0x6c,0x75,0x65,0x20,0x6e,0x61,0x6d,0x65,0x3d,0x22,  /* <namedValue name=" */
    0x76,0x22,0x3e,0x20,0x20,0x3c,0x2f,0x6e,0x61,0x6d,0x65,0x64,0x56,0x61,0x6c,0x75,0x65,0x3e,  /* v">  </namedValue> */
    0x0a,0x20,0x20,0x20,0x20,0x20,0x3c,0x6e,0x61,0x6d,0x65,0x64,0x56,0x61,0x6c,0x75,0x65,0x20,  /* .     <namedValue  */
    0x6e,0x61,0x6d,0x65,0x3d,0x22,0x77,0x22,0x3e,0x20,0x76,0x6f,0x69,0x63,0x65,0x64,0x20,0x3c,  /* name="w"> voiced < */
    0x2f,0x6e,0x61,0x6d,0x65,0x64,0x56,0x61,0x6c,0x75,0x65,0x3e,0x0a,0x20,0x20,0x20,0x20,0x20,  /* /namedValue>.      */
    0x3c,0x6e,0x61,0x6d,0x65,0x64,0x56,0x61,0x6c,0x75,0x65,0x20,0x6e,0x61,0x6d,0x65,0x3d,0x22,  /* <namedValue name=" */
    0x78,0x78,0x22,0x3e,0x20,0x76,0x6f,0x69,0x63,0x65,0x64,0x20,0x76,0x6f,0x77,0x65,0x6c,0x20,  /* xx"> voiced vowel  */
    0x3c,0x2f,0x6e,0x61,0x6d,0x65,0x64,0x56,0x61,0x6c,0x75,0x65,0x3e,0x0a,0x20,0x20,0x20,0x20,  /* </namedValue>.     */
    0x20,0x3c,0x6e,0x61,0x6d,0x65,0x64,0x56,0x61,0x6c,0x75,0x65,0x20,0x6e,0x61,0x6d,0x65,0x3d,  /*  <namedValue name= */
    0x22,0x79,0x22,0x3e,0x20,0x76,0x6f,0x69,0x63,0x65,0x64,0x20,0x3c,0x2f,0x6e,0x61,0x6d,0x65,  /* "y"> voiced </name */
    0x64,0x56,0x61,0x6c,0x75,0x65,0x3e,0x0a,0x20,0x20,0x20,0x20,0x20,0x3c,0x6e,0x61,0x6d,0x65,  /* dValue>.     <name */
    0x64,0x56,0x61,0x6c,0x75,0x65,0x20,0x6e,0x61,0x6d,0x65,0x3d,0x22,0x7a,0x22,0x3e,0x20,0x20,  /* dValue name="z">   */
    0x3c,0x2f,0x6e,0x61,0x6d,0x65,0x64,0x56,0x61,0x6c,0x75,0x65,0x3e,0x0a,0x20,0x20,0x20,0x20,  /* </namedValue>.     */
    0x20,0x3c,0x6e,0x61,0x6d,0x65,0x64,0x56,0x61,0x6c,0x75,0x65,0x20,0x6e,0x61,0x6d,0x65,0x3d,  /*  <namedValue name= */
    0x22,0x7a,0x68,0x22,0x3e,0x20,0x20,0x3c,0x2f,0x6e,0x61,0x6d,0x65,0x64,0x56,0x61,0x6c,0x75,  /* "zh">  </namedValu */
    0x65,0x3e,0x0a,0x20,0x20,0x3c,0x2f,0x70,0x61,0x72,0x61,0x6d,0x3e,0x0a,0x0a,0x20,0x20,0x3c,  /* e>.  </param>..  < */
    0x70,0x61,0x72,0x61,0x6d,0x20,0x6e,0x61,0x6d,0x65,0x3d,0x22,0x74,0x74,0x73,0x2e,0x76,0x6f,  /* param name="tts.vo */
    0x69,0x63,0x65,0x43,0x66,0x67,0x2e,0x70,0x72,0x6f,0x73,0x63,0x6f,0x73,0x74,0x2e,0x70,0x68,  /* iceCfg.proscost.ph */
    0x6f,0x6e,0x65,0x49,0x6e,0x53,0x79,0x6c,0x43,0x6f,0x73,0x74,0x73,0x2e,0x53,0x79,0x6c,0x6c,  /* oneInSylCosts.Syll */
    0x46,0x69,0x6e,0x61,0x6c,0x22,0x3e,0x0a,0x20,0x20,0x20,0x20,0x20,0x3c,0x6e,0x61,0x6d,0x65,  /* Final">.     <name */
    0x64,0x56,0x61,0x6c,0x75,0x65,0x20,0x6e,0x61,0x6d,0x65,0x3d,0x22,0x55,0x4e,0x44,0x45,0x46,  /* dValue name="UNDEF */
    0x22,0x3e,0x20,0x31,0x30,0x30,0x20,0x3c,0x2f,0x6e,0x61,0x6d,0x65,0x64,0x56,0x61,0x6c,0x75,  /* "> 100 </namedValu */
    0x65,0x3e,0x0a,0x20,0x20,0x20,0x20,0x20,0x3c,0x6e,0x61,0x6d,0x65,0x64,0x56,0x61,0x6c,0x75,  /* e>.     <namedValu */
    0x65,0x20,0x6e,0x61,0x6d,0x65,0x3d,0x22,0x57,0x6f,0x72,0x64,0x49,0x6e,0x69,0x74,0x69,0x61,  /* e name="WordInitia */
    0x6c,0x22,0x3e,0x20,0x30,0x2e,0x35,0x20,0x3c,0x2f,0x6e,0x61,0x6d,0x65,0x64,0x56,0x61,0x6c,  /* l"> 0.5 </namedVal */
    0x75,0x65,0x3e,0x0a,0x20,0x20,0x20,0x20,0x20,0x3c,0x6e,0x61,0x6d,0x65,0x64,0x56,0x61,0x6c,  /* ue>.     <namedVal */
    0x75,0x65,0x20,0x6e,0x61,0x6d,0x65,0x3d,0x22,0x53,0x79,0x6c,0x6c,0x49,0x6e,0x69,0x74,0x69,  /* ue name="SyllIniti */
    0x61,0x6c,0x22,0x3e,0x20,0x30,0x2e,0x35,0x20,0x3c,0x2f,0x6e,0x61,0x6d,0x65,0x64,0x56,0x61,  /* al"> 0.5 </namedVa */
    0x6c,0x75,0x65,0x3e,0x0a,0x20,0x20,0x20,0x20,0x20,0x3c,0x6e,0x61,0x6d,0x65,0x64,0x56,0x61,  /* lue>.     <namedVa */
    0x6c,0x75,0x65,0x20,0x6e,0x61,0x6d,0x65,0x3d,0x22,0x53,0x79,0x6c,0x6c,0x4d,0x65,0x64,0x69,  /* lue name="SyllMedi */
    0x61,0x6c,0x22,0x3e,0x20,0x30,0x2e,0x35,0x20,0x3c,0x2f,0x6e,0x61,0x6d,0x65,0x64,0x56,0x61,  /* al"> 0.5 </namedVa */
    0x6c,0x75,0x65,0x3e,0x0a,0x20,0x20,0x20,0x20,0x20,0x3c,0x6e,0x61,0x6d,0x65,0x64,0x56,0x61,  /* lue>.     <namedVa */
    0x6c,0x75,0x65,0x20,0x6e,0x61,0x6d,0x65,0x3d,0x22,0x53,0x79,0x6c,0x6c,0x46,0x69,0x6e,0x61,  /* lue name="SyllFina */
    0x6c,0x22,0x3e,0x20,0x30,0x20,0x3c,0x2f,0x6e,0x61,0x6d,0x65,0x64,0x56,0x61,0x6c,0x75,0x65,  /* l"> 0 </namedValue */
    0x3e,0x0a,0x20,0x20,0x20,0x20,0x20,0x3c,0x6e,0x61,0x6d,0x65,0x64,0x56,0x61,0x6c,0x75,0x65,  /* >.     <namedValue */
    0x20,0x6e,0x61,0x6d,0x65,0x3d,0x22,0x57,0x6f,0x72,0x64,0x46,0x69,0x6e,0x61,0x6c,0x22,0x3e,  /*  name="WordFinal"> */
    0x20,0x30,0x2e,0x31,0x20,0x3c,0x2f,0x6e,0x61,0x6d,0x65,0x64,0x56,0x61,0x6c,0x75,0x65,0x3e,  /*  0.1 </namedValue> */
    0x0a,0x20,0x20,0x20,0x20,0x20,0x3c,0x6e,0x61,0x6d,0x65,0x64,0x56,0x61,0x6c,0x75,0x65,0x20,  /* .     <namedValue  */
    0x6e,0x61,0x6d,0x65,0x3d,0x22,0x53,0x79,0x6c,0x6c,0x55,0x6e,0x6b,0x6e,0x6f,0x77,0x6e,0x22,  /* name="SyllUnknown" */
    0x3e,0x20,0x39,0x39,0x20,0x3c,0x2f,0x6e,0x61,0x6d,0x65,0x64,0x56,0x61,0x6c,0x75,0x65,0x3e,  /* > 99 </namedValue> */
    0x0a,0x20,0x20,0x3c,0x2f,0x70,0x61,0x72,0x61,0x6d,0x3e,0x0a,0x0a,0x20,0x20,0x3c,0x70,0x61,  /* .  </param>..  <pa */
    0x72,0x61,0x6d,0x20,0x6e,0x61,0x6d,0x65,0x3d,0x22,0x74,0x74,0x73,0x2e,0x76,0x6f,0x69,0x63,  /* ram name="tts.voic */
    0x65,0x43,0x66,0x67,0x2e,0x70,0x72,0x6f,0x73,0x63,0x6f,0x73,0x74,0x2e,0x70,0x68,0x6f,0x6e,  /* eCfg.proscost.phon */
    0x65,0x49,0x6e,0x53,0x79,0x6c,0x43,0x6f,0x73,0x74,0x73,0x2e,0x53,0x79,0x6c,0x6c,0x49,0x6e,  /* eInSylCosts.SyllIn */
    0x69,0x74,0x69,0x61,0x6c,0x22,0x3e,0x0a,0x20,0x20,0x20,0x20,0x20,0x3c,0x6e,0x61,0x6d,0x65,  /* itial">.     <name */
    0x64,0x56,0x61,0x6c,0x75,0x65,0x20,0x6e,0x61,0x6d,0x65,0x3d,0x22,0x55,0x4e,0x44,0x45,0x46,  /* dValue name="UNDEF */
    0x22,0x3e,0x20,0x31,0x30,0x30,0x20,0x3c,0x2f,0x6e,0x61,0x6d,0x65,0x64,0x56,0x61,0x6c,0x75,  /* "> 100 </namedValu */
    0x65,0x3e,0x0a,0x20,0x20,0x20,0x20,0x20,0x3c,0x6e,0x61,0x6d,0x65,0x64,0x56,0x61,0x6c,0x75,  /* e>.     <namedValu */
    0x65,0x20,0x6e,0x61,0x6d,0x65,0x3d,0x22,0x57,0x6f,0x72,0x64,0x49,0x6e,0x69,0x74,0x69,0x61,  /* e name="WordInitia */
    0x6c,0x22,0x3e,0x20,0x30,0x20,0x3c,0x2f,0x6e,0x61,0x6d,0x65,0x64,0x56,0x61,0x6c,0x75,0x65,  /* l"> 0 </namedValue */
    0x3e,0x0a,0x20,0x20,0x20,0x20,0x20,0x3c,0x6e,0x61,0x6d,0x65,0x64,0x56,0x61,0x6c,0x75,0x65,  /* >.     <namedValue */
    0x20,0x6e,0x61,0x6d,0x65,0x3d,0x22,0x53,0x79,0x6c,0x6c,0x49,0x6e,0x69,0x74,0x69,0x61,0x6c,  /*  name="SyllInitial */
    0x22,0x3e,0x20,0x30,0x20,0x3c,0x2f,0x6e,0x61,0x6d,0x65,0x64,0x56,0x61,0x6c,0x75,0x65,0x3e,  /* "> 0 </namedValue> */
    0x0a,0x20,0x20,0x20,0x20,0x20,0x3c,0x6e,0x61,0x6d,0x65,0x64,0x56,0x61,0x6c,0x75,0x65,0x20,  /* .     <namedValue  */
    0x6e,0x61,0x6d,0x65,0x3d,0x22,0x53,0x79,0x6c,0x6c,0x4d,0x65,0x64,0x69,0x61,0x6c,0x22,0x3e,  /* name="SyllMedial"> */
    0x20,0x30,0x2e,0x35,0x20,0x3c,0x2f,0x6e,0x61,0x6d,0x65,0x64,0x56,0x61,0x6c,0x75,0x65,0x3e,  /*  0.5 </namedValue> */
    0x0a,0x20,0x20,0x20,0x20,0x20,0x3c,0x6e,0x61,0x6d,0x65,0x64,0x56,0x61,0x6c,0x75,0x65,0x20,  /* .     <namedValue  */
    0x6e,0x61,0x6d,0x65,0x3d,0x22,0x53,0x79,0x6c,0x6c,0x46,0x69,0x6e,0x61,0x6c,0x22,0x3e,0x20,  /* name="SyllFinal">  */
    0x30,0x2e,0x35,0x20,0x3c,0x2f,0x6e,0x61,0x6d,0x65,0x64,0x56,0x61,0x6c,0x75,0x65,0x3e,0x0a,  /* 0.5 </namedValue>. */
    0x20,0x20,0x20,0x20,0x20,0x3c,0x6e,0x61,0x6d,0x65,0x64,0x56,0x61,0x6c,0x75,0x65,0x20,0x6e,  /*      <namedValue n */
    0x61,0x6d,0x65,0x3d,0x22,0x57,0x6f,0x72,0x64,0x46,0x69,0x6e,0x61,0x6c,0x22,0x3e,0x20,0x30,  /* ame="WordFinal"> 0 */
    0x2e,0x35,0x20,0x3c,0x2f,0x6e,0x61,0x6d,0x65,0x64,0x56,0x61,0x6c,0x75,0x65,0x3e,0x0a,0x20,  /* .5 </namedValue>.  */
    0x20,0x20,0x20,0x20,0x3c,0x6e,0x61,0x6d,0x65,0x64,0x56,0x61,0x6c,0x75,0x65,0x20,0x6e,0x61,  /*     <namedValue na */
    0x6d,0x65,0x3d,0x22,0x53,0x79,0x6c,0x6c,0x55,0x6e,0x6b,0x6e,0x6f,0x77,0x6e,0x22,0x3e,0x20,  /* me="SyllUnknown">  */
    0x39,0x39,0x20,0x3c,0x2f,0x6e,0x61,0x6d,0x65,0x64,0x56,0x61,0x6c,0x75,0x65,0x3e,0x0a,0x20,  /* 99 </namedValue>.  */
    0x20,0x3c,0x2f,0x70,0x61,0x72,0x61,0x6d,0x3e,0x0a,0x0a,0x20,0x20,0x3c,0x70,0x61,0x72,0x61,  /*  </param>..  <para */
    0x6d,0x20,0x6e,0x61,0x6d,0x65,0x3d,0x22,0x74,0x74,0x73,0x2e,0x76,0x6f,0x69,0x63,0x65,0x43,  /* m name="tts.voiceC */
    0x66,0x67,0x2e,0x70,0x72,0x6f,0x73,0x63,0x6f,0x73,0x74,0x2e,0x70,0x68,0x6f,0x6e,0x65,0x49,  /* fg.proscost.phoneI */
    0x6e,0x53,0x79,0x6c,0x43,0x6f,0x73,0x74,0x73,0x2e,0x53,0x79,0x6c,0x6c,0x4d,0x65,0x64,0x69,  /* nSylCosts.SyllMedi */
    0x61,0x6c,0x22,0x3e,0x0a,0x20,0x20,0x20,0x20,0x20,0x3c,0x6e,0x61,0x6d,0x65,0x64,0x56,0x61,  /* al">.     <namedVa */
    0x6c,0x75,0x65,0x20,0x6e,0x61,0x6d,0x65,0x3d,0x22,0x55,0x4e,0x44,0x45,0x46,0x22,0x3e,0x20,  /* lue name="UNDEF">  */
    0x31,0x30,0x30,0x20,0x3c,0x2f,0x6e,0x61,0x6d,0x65,0x64,0x56,0x61,0x6c,0x75,0x65,0x3e,0x0a,  /* 100 </namedValue>. */
    0x20,0x20,0x20,0x20,0x20,0x3c,0x6e,0x61,0x6d,0x65,0x64,0x56,0x61,0x6c,0x75,0x65,0x20,0x6e,  /*      <namedValue n */
    0x61,0x6d,0x65,0x3d,0x22,0x57,0x6f,0x72,0x64,0x49,0x6e,0x69,0x74,0x69,0x61,0x6c,0x22,0x3e,  /* ame="WordInitial"> */
    0x20,0x30,0x2e,0x35,0x20,0x3c,0x2f,0x6e,0x61,0x6d,0x65,0x64,0x56,0x61,0x6c,0x75,0x65,0x3e,  /*  0.5 </namedValue> */
    0x0a,0x20,0x20,0x20,0x20,0x20,0x3c,0x6e,0x61,0x6d,0x65,0x64,0x56,0x61,0x6c,0x75,0x65,0x20,  /* .     <namedValue  */
    0x6e,0x61,0x6d,0x65,0x3d,0x22,0x53,0x79,0x6c,0x6c,0x49,0x6e,0x69,0x74,0x69,0x61,0x6c,0x22,  /* name="SyllInitial" */
    0x3e,0x20,0x30,0x2e,0x35,0x20,0x3c,0x2f,0x6e,0x61,0x6d,0x65,0x64,0x56,0x61,0x6c,0x75,0x65,  /* > 0.5 </namedValue */
    0x3e,0x0a,0x20,0x20,0x20,0x20,0x20,0x3c,0x6e,0x61,0x6d,0x65,0x64,0x56,0x61,0x6c,0x75,0x65,  /* >.     <namedValue */
    0x20,0x6e,0x61,0x6d,0x65,0x3d,0x22,0x53,0x79,0x6c,0x6c,0x4d,0x65,0x64,0x69,0x61,0x6c,0x22,  /*  name="SyllMedial" */
    0x3e,0x20,0x30,0x20,0x3c,0x2f,0x6e,0x61,0x6d,0x65,0x64,0x56,0x61,0x6c,0x75,0x65,0x3e,0x0a,  /* > 0 </namedValue>. */
    0x20,0x20,0x20,0x20,0x20,0x3c,0x6e,0x61,0x6d,0x65,0x64,0x56,0x61,0x6c,0x75,0x65,0x20,0x6e,  /*      <namedValue n */
    0x61,0x6d,0x65,0x3d,0x22,0x53,0x79,0x6c,0x6c,0x46,0x69,0x6e,0x61,0x6c,0x22,0x3e,0x20,0x30,  /* ame="SyllFinal"> 0 */
    0x2e,0x33,0x20,0x3c,0x2f,0x6e,0x61,0x6d,0x65,0x64,0x56,0x61,0x6c,0x75,0x65,0x3e,0x0a,0x20,  /* .3 </namedValue>.  */
    0x20,0x20,0x20,0x20,0x3c,0x6e,0x61,0x6d,0x65,0x64,0x56,0x61,0x6c,0x75,0x65,0x20,0x6e,0x61,  /*     <namedValue na */
    0x6d,0x65,0x3d,0x22,0x57,0x6f,0x72,0x64,0x46,0x69,0x6e,0x61,0x6c,0x22,0x3e,0x20,0x30,0x2e,  /* me="WordFinal"> 0. */
    0x33,0x20,0x3c,0x2f,0x6e,0x61,0x6d,0x65,0x64,0x56,0x61,0x6c,0x75,0x65,0x3e,0x0a,0x20,0x20,  /* 3 </namedValue>.   */
    0x20,0x20,0x20,0x3c,0x6e,0x61,0x6d,0x65,0x64,0x56,0x61,0x6c,0x75,0x65,0x20,0x6e,0x61,0x6d,  /*    <namedValue nam */
    0x65,0x3d,0x22,0x53,0x79,0x6c,0x6c,0x55,0x6e,0x6b,0x6e,0x6f,0x77,0x6e,0x22,0x3e,0x20,0x39,  /* e="SyllUnknown"> 9 */
    0x39,0x20,0x3c,0x2f,0x6e,0x61,0x6d,0x65,0x64,0x56,0x61,0x6c,0x75,0x65,0x3e,0x0a,0x20,0x20,  /* 9 </namedValue>.   */
    0x3c,0x2f,0x70,0x61,0x72,0x61,0x6d,0x3e,0x0a,0x0a,0x20,0x20,0x3c,0x70,0x61,0x72,0x61,0x6d,  /* </param>..  <param */
    0x20,0x6e,0x61,0x6d,0x65,0x3d,0x22,0x74,0x74,0x73,0x2e,0x76,0x6f,0x69,0x63,0x65,0x43,0x66,  /*  name="tts.voiceCf */
    0x67,0x2e,0x70,0x72,0x6f,0x73,0x63,0x6f,0x73,0x74,0x2e,0x70,0x68,0x6f,0x6e,0x65,0x49,0x6e,  /* g.proscost.phoneIn */
    0x53,0x79,0x6c,0x43,0x6f,0x73,0x74,0x73,0x2e,0x53,0x79,0x6c,0x6c,0x55,0x6e,0x6b,0x6e,0x6f,  /* SylCosts.SyllUnkno */
    0x77,0x6e,0x22,0x3e,0x0a,0x20,0x20,0x20,0x20,0x20,0x3c,0x6e,0x61,0x6d,0x65,0x64,0x56,0x61,  /* wn">.     <namedVa */
    0x6c,0x75,0x65,0x20,0x6e,0x61,0x6d,0x65,0x3d,0x22,0x55,0x4e,0x44,0x45,0x46,0x22,0x3e,0x20,  /* lue name="UNDEF">  */
    0x31,0x30,0x30,0x20,0x3c,0x2f,0x6e,0x61,0x6d,0x65,0x64,0x56,0x61,0x6c,0x75,0x65,0x3e,0x0a,  /* 100 </namedValue>. */
    0x20,0x20,0x20,0x20,0x20,0x3c,0x6e,0x61,0x6d,0x65,0x64,0x56,0x61,0x6c,0x75,0x65,0x20,0x6e,  /*      <namedValue n */
    0x61,0x6d,0x65,0x3d,0x22,0x57,0x6f,0x72,0x64,0x49,0x6e,0x69,0x74,0x69,0x61,0x6c,0x22,0x3e,  /* ame="WordInitial"> */
    0x20,0x30,0x20,0x3c,0x2f,0x6e,0x61,0x6d,0x65,0x64,0x56,0x61,0x6c,0x75,0x65,0x3e,0x0a,0x20,  /*  0 </namedValue>.  */
    0x20,0x20,0x20,0x20,0x3c,0x6e,0x61,0x6d,0x65,0x64,0x56,0x61,0x6c,0x75,0x65,0x20,0x6e,0x61,  /*     <namedValue na */
    0x6d,0x65,0x3d,0x22,0x53,0x79,0x6c,0x6c,0x49,0x6e,0x69,0x74,0x69,0x61,0x6c,0x22,0x3e,0x20,  /* me="SyllInitial">  */
    0x30,0x20,0x3c,0x2f,0x6e,0x61,0x6d,0x65,0x64,0x56,0x61,0x6c,0x75,0x65,0x3e,0x0a,0x20,0x20,  /* 0 </namedValue>.   */
    0x20,0x20,0x20,0x3c,0x6e,0x61,0x6d,0x65,0x64,0x56,0x61,0x6c,0x75,0x65,0x20,0x6e,0x61,0x6d,  /*    <namedValue nam */
    0x65,0x3d,0x22,0x53,0x79,0x6c,0x6c,0x4d,0x65,0x64,0x69,0x61,0x6c,0x22,0x3e,0x20,0x30,0x20,  /* e="SyllMedial"> 0  */
    0x3c,0x2f,0x6e,0x61,0x6d,0x65,0x64,0x56,0x61,0x6c,0x75,0x65,0x3e,0x0a,0x20,0x20,0x20,0x20,  /* </namedValue>.     */
    0x20,0x3c,0x6e,0x61,0x6d,0x65,0x64,0x56,0x61,0x6c,0x75,0x65,0x20,0x6e,0x61,0x6d,0x65,0x3d,  /*  <namedValue name= */
    0x22,0x53,0x79,0x6c,0x6c,0x46,0x69,0x6e,0x61,0x6c,0x22,0x3e,0x20,0x30,0x20,0x3c,0x2f,0x6e,  /* "SyllFinal"> 0 </n */
    0x61,0x6d,0x65,0x64,0x56,0x61,0x6c,0x75,0x65,0x3e,0x0a,0x20,0x20,0x20,0x20,0x20,0x3c,0x6e,  /* amedValue>.     <n */
    0x61,0x6d,0x65,0x64,0x56,0x61,0x6c,0x75,0x65,0x20,0x6e,0x61,0x6d,0x65,0x3d,0x22,0x57,0x6f,  /* amedValue name="Wo */
    0x72,0x64,0x46,0x69,0x6e,0x61,0x6c,0x22,0x3e,0x20,0x30,0x20,0x3c,0x2f,0x6e,0x61,0x6d,0x65,  /* rdFinal"> 0 </name */
    0x64,0x56,0x61,0x6c,0x75,0x65,0x3e,0x0a,0x20,0x20,0x20,0x20,0x20,0x3c,0x6e,0x61,0x6d,0x65,  /* dValue>.     <name */
    0x64,0x56,0x61,0x6c,0x75,0x65,0x20,0x6e,0x61,0x6d,0x65,0x3d,0x22,0x53,0x79,0x6c,0x6c,0x55,  /* dValue name="SyllU */
    0x6e,0x6b,0x6e,0x6f,0x77,0x6e,0x22,0x3e,0x20,0x39,0x39,0x20,0x3c,0x2f,0x6e,0x61,0x6d,0x65,  /* nknown"> 99 </name */
    0x64,0x56,0x61,0x6c,0x75,0x65,0x3e,0x0a,0x20,0x20,0x3c,0x2f,0x70,0x61,0x72,0x61,0x6d,0x3e,  /* dValue>.  </param> */
    0x0a,0x0a,0x20,0x20,0x3c,0x70,0x61,0x72,0x61,0x6d,0x20,0x6e,0x61,0x6d,0x65,0x3d,0x22,0x74,  /* ..  <param name="t */
    0x74,0x73,0x2e,0x76,0x6f,0x69,0x63,0x65,0x43,0x66,0x67,0x2e,0x70,0x72,0x6f,0x73,0x63,0x6f,  /* ts.voiceCfg.prosco */
    0x73,0x74,0x2e,0x70,0x68,0x6f,0x6e,0x65,0x49,0x6e,0x53,0x79,0x6c,0x43,0x6f,0x73,0x74,0x73,  /* st.phoneInSylCosts */
    0x2e,0x55,0x4e,0x44,0x45,0x46,0x22,0x3e,0x0a,0x20,0x20,0x20,0x20,0x20,0x3c,0x6e,0x61,0x6d,  /* .UNDEF">.     <nam */
    0x65,0x64,0x56,0x61,0x6c,0x75,0x65,0x20,0x6e,0x61,0x6d,0x65,0x3d,0x22,0x55,0x4e,0x44,0x45,  /* edValue name="UNDE */
    0x46,0x22,0x3e,0x20,0x31,0x30,0x30,0x20,0x3c,0x2f,0x6e,0x61,0x6d,0x65,0x64,0x56,0x61,0x6c,  /* F"> 100 </namedVal */
    0x75,0x65,0x3e,0x0a,0x20,0x20,0x20,0x20,0x20,0x3c,0x6e,0x61,0x6d,0x65,0x64,0x56,0x61,0x6c,  /* ue>.     <namedVal */
    0x75,0x65,0x20,0x6e,0x61,0x6d,0x65,0x3d,0x22,0x57,0x6f,0x72,0x64,0x49,0x6e,0x69,0x74,0x69,  /* ue name="WordIniti */
    0x61,0x6c,0x22,0x3e,0x20,0x30,0x20,0x3c,0x2f,0x6e,0x61,0x6d,0x65,0x64,0x56,0x61,0x6c,0x75,  /* al"> 0 </namedValu */
    0x65,0x3e,0x0a,0x20,0x20,0x20,0x20,0x20,0x3c,0x6e,0x61,0x6d,0x65,0x64,0x56,0x61,0x6c,0x75,  /* e>.     <namedValu */
    0x65,0x20,0x6e,0x61,0x6d,0x65,0x3d,0x22,0x53,0x79,0x6c,0x6c,0x49,0x6e,0x69,0x74,0x69,0x61,  /* e name="SyllInitia */
    0x6c,0x22,0x3e,0x20,0x30,0x20,0x3c,0x2f,0x6e,0x61,0x6d,0x65,0x64,0x56,0x61,0x6c,0x75,0x65,  /* l"> 0 </namedValue */
    0x3e,0x0a,0x20,0x20,0x20,0x20,0x20,0x3c,0x6e,0x61,0x6d,0x65,0x64,0x56,0x61,0x6c,0x75,0x65,  /* >.     <namedValue */
    0x20,0x6e,0x61,0x6d,0x65,0x3d,0x22,0x53,0x79,0x6c,0x6c,0x4d,0x65,0x64,0x69,0x61,0x6c,0x22,  /*  name="SyllMedial" */
    0x3e,0x20,0x30,0x20,0x3c,0x2f,0x6e,0x61,0x6d,0x65,0x64,0x56,0x61,0x6c,0x75,0x65,0x3e,0x0a,  /* > 0 </namedValue>. */
    0x20,0x20,0x20,0x20,0x20,0x3c,0x6e,0x61,0x6d,0x65,0x64,0x56,0x61,0x6c,0x75,0x65,0x20,0x6e,  /*      <namedValue n */
    0x61,0x6d,0x65,0x3d,0x22,0x53,0x79,0x6c,0x6c,0x46,0x69,0x6e,0x61,0x6c,0x22,0x3e,0x20,0x30,  /* ame="SyllFinal"> 0 */
    0x20,0x3c,0x2f,0x6e,0x61,0x6d,0x65,0x64,0x56,0x61,0x6c,0x75,0x65,0x3e,0x0a,0x20,0x20,0x20,  /*  </namedValue>.    */
    0x20,0x20,0x3c,0x6e,0x61,0x6d,0x65,0x64,0x56,0x61,0x6c,0x75,0x65,0x20,0x6e,0x61,0x6d,0x65,  /*   <namedValue name */
    0x3d,0x22,0x57,0x6f,0x72,0x64,0x46,0x69,0x6e,0x61,0x6c,0x22,0x3e,0x20,0x30,0x20,0x3c,0x2f,  /* ="WordFinal"> 0 </ */
    0x6e,0x61,0x6d,0x65,0x64,0x56,0x61,0x6c,0x75,0x65,0x3e,0x0a,0x20,0x20,0x20,0x20,0x20,0x3c,  /* namedValue>.     < */
    0x6e,0x61,0x6d,0x65,0x64,0x56,0x61,0x6c,0x75,0x65,0x20,0x6e,0x61,0x6d,0x65,0x3d,0x22,0x53,  /* namedValue name="S */
    0x79,0x6c,0x6c,0x55,0x6e,0x6b,0x6e,0x6f,0x77,0x6e,0x22,0x3e,0x20,0x39,0x39,0x20,0x3c,0x2f,  /* yllUnknown"> 99 </ */
    0x6e,0x61,0x6d,0x65,0x64,0x56,0x61,0x6c,0x75,0x65,0x3e,0x0a,0x20,0x20,0x3c,0x2f,0x70,0x61,  /* namedValue>.  </pa */
    0x72,0x61,0x6d,0x3e,0x0a,0x0a,0x20,0x20,0x3c,0x70,0x61,0x72,0x61,0x6d,0x20,0x6e,0x61,0x6d,  /* ram>..  <param nam */
    0x65,0x3d,0x22,0x74,0x74,0x73,0x2e,0x76,0x6f,0x69,0x63,0x65,0x43,0x66,0x67,0x2e,0x70,0x72,  /* e="tts.voiceCfg.pr */
    0x6f,0x73,0x63,0x6f,0x73,0x74,0x2e,0x70,0x68,0x6f,0x6e,0x65,0x49,0x6e,0x53,0x79,0x6c,0x43,  /* oscost.phoneInSylC */
    0x6f,0x73,0x74,0x73,0x2e,0x57,0x6f,0x72,0x64,0x46,0x69,0x6e,0x61,0x6c,0x22,0x3e,0x0a,0x20,  /* osts.WordFinal">.  */
    0x20,0x20,0x20,0x20,0x3c,0x6e,0x61,0x6d,0x65,0x64,0x56,0x61,0x6c,0x75,0x65,0x20,0x6e,0x61,  /*     <namedValue na */
    0x6d,0x65,0x3d,0x22,0x55,0x4e,0x44,0x45,0x46,0x22,0x3e,0x20,0x31,0x30,0x30,0x20,0x3c,0x2f,  /* me="UNDEF"> 100 </ */
    0x6e,0x61,0x6d,0x65,0x64,0x56,0x61,0x6c,0x75,0x65,0x3e,0x0a,0x20,0x20,0x20,0x20,0x20,0x3c,  /* namedValue>.     < */
    0x6e,0x61,0x6d,0x65,0x64,0x56,0x61,0x6c,0x75,0x65,0x20,0x6e,0x61,0x6d,0x65,0x3d,0x22,0x57,  /* namedValue name="W */
    0x6f,0x72,0x64,0x49,0x6e,0x69,0x74,0x69,0x61,0x6c,0x22,0x3e,0x20,0x30,0x2e,0x35,0x20,0x3c,  /* ordInitial"> 0.5 < */
    0x2f,0x6e,0x61,0x6d,0x65,0x64,0x56,0x61,0x6c,0x75,0x65,0x3e,0x0a,0x20,0x20,0x20,0x20,0x20,  /* /namedValue>.      */
    0x3c,0x6e,0x61,0x6d,0x65,0x64,0x56,0x61,0x6c,0x75,0x65,0x20,0x6e,0x61,0x6d,0x65,0x3d,0x22,  /* <namedValue name=" */
    0x53,0x79,0x6c,0x6c,0x49,0x6e,0x69,0x74,0x69,0x61,0x6c,0x22,0x3e,0x20,0x30,0x2e,0x35,0x20,  /* SyllInitial"> 0.5  */
    0x3c,0x2f,0x6e,0x61,0x6d,0x65,0x64,0x56,0x61,0x6c,0x75,0x65,0x3e,0x0a,0x20,0x20,0x20,0x20,  /* </namedValue>.     */
    0x20,0x3c,0x6e,0x61,0x6d,0x65,0x64,0x56,0x61,0x6c,0x75,0x65,0x20,0x6e,0x61,0x6d,0x65,0x3d,  /*  <namedValue name= */
    0x22,0x53,0x79,0x6c,0x6c,0x4d,0x65,0x64,0x69,0x61,0x6c,0x22,0x3e,0x20,0x30,0x2e,0x35,0x20,  /* "SyllMedial"> 0.5  */
    0x3c,0x2f,0x6e,0x61,0x6d,0x65,0x64,0x56,0x61,0x6c,0x75,0x65,0x3e,0x0a,0x20,0x20,0x20,0x20,  /* </namedValue>.     */
    0x20,0x3c,0x6e,0x61,0x6d,0x65,0x64,0x56,0x61,0x6c,0x75,0x65,0x20,0x6e,0x61,0x6d,0x65,0x3d,  /*  <namedValue name= */
    0x22,0x53,0x79,0x6c,0x6c,0x46,0x69,0x6e,0x61,0x6c,0x22,0x3e,0x20,0x30,0x2e,0x31,0x20,0x3c,  /* "SyllFinal"> 0.1 < */
    0x2f,0x6e,0x61,0x6d,0x65,0x64,0x56,0x61,0x6c,0x75,0x65,0x3e,0x0a,0x20,0x20,0x20,0x20,0x20,  /* /namedValue>.      */
    0x3c,0x6e,0x61,0x6d,0x65,0x64,0x56,0x61,0x6c,0x75,0x65,0x20,0x6e,0x61,0x6d,0x65,0x3d,0x22,  /* <namedValue name=" */
    0x57,0x6f,0x72,0x64,0x46,0x69,0x6e,0x61,0x6c,0x22,0x3e,0x20,0x30,0x20,0x3c,0x2f,0x6e,0x61,  /* WordFinal"> 0 </na */
    0x6d,0x65,0x64,0x56,0x61,0x6c,0x75,0x65,0x3e,0x0a,0x20,0x20,0x20,0x20,0x20,0x3c,0x6e,0x61,  /* medValue>.     <na */
    0x6d,0x65,0x64,0x56,0x61,0x6c,0x75,0x65,0x20,0x6e,0x61,0x6d,0x65,0x3d,0x22,0x53,0x79,0x6c,  /* medValue name="Syl */
    0x6c,0x55,0x6e,0x6b,0x6e,0x6f,0x77,0x6e,0x22,0x3e,0x20,0x39,0x39,0x20,0x3c,0x2f,0x6e,0x61,  /* lUnknown"> 99 </na */
    0x6d,0x65,0x64,0x56,0x61,0x6c,0x75,0x65,0x3e,0x0a,0x20,0x20,0x3c,0x2f,0x70,0x61,0x72,0x61,  /* medValue>.  </para */
    0x6d,0x3e,0x0a,0x0a,0x20,0x20,0x3c,0x70,0x61,0x72,0x61,0x6d,0x20,0x6e,0x61,0x6d,0x65,0x3d,  /* m>..  <param name= */
    0x22,0x74,0x74,0x73,0x2e,0x76,0x6f,0x69,0x63,0x65,0x43,0x66,0x67,0x2e,0x70,0x72,0x6f,0x73,  /* "tts.voiceCfg.pros */
    0x63,0x6f,0x73,0x74,0x2e,0x70,0x68,0x6f,0x6e,0x65,0x49,0x6e,0x53,0x79,0x6c,0x43,0x6f,0x73,  /* cost.phoneInSylCos */
    0x74,0x73,0x2e,0x57,0x6f,0x72,0x64,0x49,0x6e,0x69,0x74,0x69,0x61,0x6c,0x22,0x3e,0x0a,0x20,  /* ts.WordInitial">.  */
    0x20,0x20,0x20,0x20,0x3c,0x6e,0x61,0x6d,0x65,0x64,0x56,0x61,0x6c,0x75,0x65,0x20,0x6e,0x61,  /*     <namedValue na */
    0x6d,0x65,0x3d,0x22,0x55,0x4e,0x44,0x45,0x46,0x22,0x3e,0x20,0x31,0x30,0x30,0x20,0x3c,0x2f,  /* me="UNDEF"> 100 </ */
    0x6e,0x61,0x6d,0x65,0x64,0x56,0x61,0x6c,0x75,0x65,0x3e,0x0a,0x20,0x20,0x20,0x20,0x20,0x3c,  /* namedValue>.     < */
    0x6e,0x61,0x6d,0x65,0x64,0x56,0x61,0x6c,0x75,0x65,0x20,0x6e,0x61,0x6d,0x65,0x3d,0x22,0x57,  /* namedValue name="W */
    0x6f,0x72,0x64,0x49,0x6e,0x69,0x74,0x69,0x61,0x6c,0x22,0x3e,0x20,0x30,0x20,0x3c,0x2f,0x6e,  /* ordInitial"> 0 </n */
    0x61,0x6d,0x65,0x64,0x56,0x61,0x6c,0x75,0x65,0x3e,0x0a,0x20,0x20,0x20,0x20,0x20,0x3c,0x6e,  /* amedValue>.     <n */
    0x61,0x6d,0x65,0x64,0x56,0x61,0x6c,0x75,0x65,0x20,0x6e,0x61,0x6d,0x65,0x3d,0x22,0x53,0x79,  /* amedValue name="Sy */
    0x6c,0x6c,0x49,0x6e,0x69,0x74,0x69,0x61,0x6c,0x22,0x3e,0x20,0x30,0x20,0x3c,0x2f,0x6e,0x61,  /* llInitial"> 0 </na */
    0x6d,0x65,0x64,0x56,0x61,0x6c,0x75,0x65,0x3e,0x0a,0x20,0x20,0x20,0x20,0x20,0x3c,0x6e,0x61,  /* medValue>.     <na */
    0x6d,0x65,0x64,0x56,0x61,0x6c,0x75,0x65,0x20,0x6e,0x61,0x6d,0x65,0x3d,0x22,0x53,0x79,0x6c,  /* medValue name="Syl */
    0x6c,0x4d,0x65,0x64,0x69,0x61,0x6c,0x22,0x3e,0x20,0x30,0x2e,0x33,0x20,0x3c,0x2f,0x6e,0x61,  /* lMedial"> 0.3 </na */
    0x6d,0x65,0x64,0x56,0x61,0x6c,0x75,0x65,0x3e,0x0a,0x20,0x20,0x20,0x20,0x20,0x3c,0x6e,0x61,  /* medValue>.     <na */
    0x6d,0x65,0x64,0x56,0x61,0x6c,0x75,0x65,0x20,0x6e,0x61,0x6d,0x65,0x3d,0x22,0x53,0x79,0x6c,  /* medValue name="Syl */
    0x6c,0x46,0x69,0x6e,0x61,0x6c,0x22,0x3e,0x20,0x30,0x2e,0x35,0x20,0x3c,0x2f,0x6e,0x61,0x6d,  /* lFinal"> 0.5 </nam */
    0x65,0x64,0x56,0x61,0x6c,0x75,0x65,0x3e,0x0a,0x20,0x20,0x20,0x20,0x20,0x3c,0x6e,0x61,0x6d,  /* edValue>.     <nam */
    0x65,0x64,0x56,0x61,0x6c,0x75,0x65,0x20,0x6e,0x61,0x6d,0x65,0x3d,0x22,0x57,0x6f,0x72,0x64,  /* edValue name="Word */
    0x46,0x69,0x6e,0x61,0x6c,0x22,0x3e,0x20,0x30,0x2e,0x35,0x20,0x3c,0x2f,0x6e,0x61,0x6d,0x65,  /* Final"> 0.5 </name */
    0x64,0x56,0x61,0x6c,0x75,0x65,0x3e,0x0a,0x20,0x20,0x20,0x20,0x20,0x3c,0x6e,0x61,0x6d,0x65,  /* dValue>.     <name */
    0x64,0x56,0x61,0x6c,0x75,0x65,0x20,0x6e,0x61,0x6d,0x65,0x3d,0x22,0x53,0x79,0x6c,0x6c,0x55,  /* dValue name="SyllU */
    0x6e,0x6b,0x6e,0x6f,0x77,0x6e,0x22,0x3e,0x20,0x39,0x39,0x20,0x3c,0x2f,0x6e,0x61,0x6d,0x65,  /* nknown"> 99 </name */
    0x64,0x56,0x61,0x6c,0x75,0x65,0x3e,0x0a,0x20,0x20,0x3c,0x2f,0x70,0x61,0x72,0x61,0x6d,0x3e,  /* dValue>.  </param> */
    0x0a,0x0a,0x20,0x20,0x3c,0x70,0x61,0x72,0x61,0x6d,0x20,0x6e,0x61,0x6d,0x65,0x3d,0x22,0x74,  /* ..  <param name="t */
    0x74,0x73,0x2e,0x76,0x6f,0x69,0x63,0x65,0x43,0x66,0x67,0x2e,0x70,0x72,0x6f,0x73,0x63,0x6f,  /* ts.voiceCfg.prosco */
    0x73,0x74,0x2e,0x73,0x79,0x6c,0x49,0x6e,0x50,0x68,0x72,0x61,0x73,0x65,0x43,0x6f,0x73,0x74,  /* st.sylInPhraseCost */
    0x73,0x2e,0x43,0x6f,0x6e,0x74,0x65,0x78,0x74,0x55,0x6e,0x6b,0x6e,0x6f,0x77,0x6e,0x22,0x3e,  /* s.ContextUnknown"> */
    0x0a,0x20,0x20,0x20,0x20,0x20,0x3c,0x6e,0x61,0x6d,0x65,0x64,0x56,0x61,0x6c,0x75,0x65,0x20,  /* .     <namedValue  */
    0x6e,0x61,0x6d,0x65,0x3d,0x22,0x55,0x4e,0x44,0x45,0x46,0x22,0x3e,0x20,0x31,0x30,0x30,0x20,  /* name="UNDEF"> 100  */
    0x3c,0x2f,0x6e,0x61,0x6d,0x65,0x64,0x56,0x61,0x6c,0x75,0x65,0x3e,0x0a,0x20,0x20,0x20,0x20,  /* </namedValue>.     */
    0x20,0x3c,0x6e,0x61,0x6d,0x65,0x64,0x56,0x61,0x6c,0x75,0x65,0x20,0x6e,0x61,0x6d,0x65,0x3d,  /*  <namedValue name= */
    0x22,0x50,0x68,0x72,0x49,0x6e,0x69,0x74,0x69,0x61,0x6c,0x22,0x3e,0x20,0x30,0x20,0x3c,0x2f,  /* "PhrInitial"> 0 </ */
    0x6e,0x61,0x6d,0x65,0x64,0x56,0x61,0x6c,0x75,0x65,0x3e,0x0a,0x20,0x20,0x20,0x20,0x20,0x3c,  /* namedValue>.     < */
    0x6e,0x61,0x6d,0x65,0x64,0x56,0x61,0x6c,0x75,0x65,0x20,0x6e,0x61,0x6d,0x65,0x3d,0x22,0x50,  /* namedValue name="P */
    0x68,0x72,0x4d,0x65,0x64,0x69,0x61,0x6c,0x22,0x3e,0x20,0x30,0x20,0x3c,0x2f,0x6e,0x61,0x6d,  /* hrMedial"> 0 </nam */
    0x65,0x64,0x56,0x61,0x6c,0x75,0x65,0x3e,0x0a,0x20,0x20,0x20,0x20,0x20,0x3c,0x6e,0x61,0x6d,  /* edValue>.     <nam */
    0x65,0x64,0x56,0x61,0x6c,0x75,0x65,0x20,0x6e,0x61,0x6d,0x65,0x3d,0x22,0x50,0x68,0x72,0x46,  /* edValue name="PhrF */
    0x69,0x6e,0x61,0x6c,0x22,0x3e,0x20,0x30,0x20,0x3c,0x2f,0x6e,0x61,0x6d,0x65,0x64,0x56,0x61,  /* inal"> 0 </namedVa */
    0x6c,0x75,0x65,0x3e,0x0a,0x20,0x20,0x20,0x20,0x20,0x3c,0x6e,0x61,0x6d,0x65,0x64,0x56,0x61,  /* lue>.     <namedVa */
    0x6c,0x75,0x65,0x20,0x6e,0x61,0x6d,0x65,0x3d,0x22,0x50,0x68,0x72,0x53,0x69,0x6e,0x67,0x6c,  /* lue name="PhrSingl */
    0x65,0x22,0x3e,0x20,0x30,0x20,0x3c,0x2f,0x6e,0x61,0x6d,0x65,0x64,0x56,0x61,0x6c,0x75,0x65,  /* e"> 0 </namedValue */
    0x3e,0x0a,0x20,0x20,0x20,0x20,0x20,0x3c,0x6e,0x61,0x6d,0x65,0x64,0x56,0x61,0x6c,0x75,0x65,  /* >.     <namedValue */
    0x20,0x6e,0x61,0x6d,0x65,0x3d,0x22,0x53,0x65,0x6e,0x74,0x46,0x69,0x6e,0x61,0x6c,0x22,0x3e,  /*  name="SentFinal"> */
    0x20,0x30,0x20,0x3c,0x2f,0x6e,0x61,0x6d,0x65,0x64,0x56,0x61,0x6c,0x75,0x65,0x3e,0x0a,0x20,  /*  0 </namedValue>.  */
    0x20,0x20,0x20,0x20,0x3c,0x6e,0x61,0x6d,0x65,0x64,0x56,0x61,0x6c,0x75,0x65,0x20,0x6e,0x61,  /*     <namedValue na */
    0x6d,0x65,0x3d,0x22,0x57,0x6f,0x72,0x64,0x49,0x6e,0x69,0x74,0x22,0x3e,0x20,0x30,0x20,0x3c,  /* me="WordInit"> 0 < */
    0x2f,0x6e,0x61,0x6d,0x65,0x64,0x56,0x61,0x6c,0x75,0x65,0x3e,0x0a,0x20,0x20,0x20,0x20,0x20,  /* /namedValue>.      */
    0x3c,0x6e,0x61,0x6d,0x65,0x64,0x56,0x61,0x6c,0x75,0x65,0x20,0x6e,0x61,0x6d,0x65,0x3d,0x22,  /* <namedValue name=" */
    0x57,0x6f,0x72,0x64,0x4d,0x65,0x64,0x69,0x61,0x6c,0x22,0x3e,0x20,0x30,0x20,0x3c,0x2f,0x6e,  /* WordMedial"> 0 </n */
    0x61,0x6d,0x65,0x64,0x56,0x61,0x6c,0x75,0x65,0x3e,0x0a,0x20,0x20,0x20,0x20,0x20,0x3c,0x6e,  /* amedValue>.     <n */
    0x61,0x6d,0x65,0x64,0x56,0x61,0x6c,0x75,0x65,0x20,0x6e,0x61,0x6d,0x65,0x3d,0x22,0x57,0x6f,  /* amedValue name="Wo */
    0x72,0x64,0x46,0x69,0x6e,0x61,0x6c,0x22,0x3e,0x20,0x30,0x20,0x3c,0x2f,0x6e,0x61,0x6d,0x65,  /* rdFinal"> 0 </name */
    0x64,0x56,0x61,0x6c,0x75,0x65,0x3e,0x0a,0x20,0x20,0x20,0x20,0x20,0x3c,0x6e,0x61,0x6d,0x65,  /* dValue>.     <name */
    0x64,0x56,0x61,0x6c,0x75,0x65,0x20,0x6e,0x61,0x6d,0x65,0x3d,0x22,0x43,0x6f,0x6e,0x74,0x65,  /* dValue name="Conte */
    0x78,0x74,0x55,0x6e,0x6b,0x6e,0x6f,0x77,0x6e,0x22,0x3e,0x20,0x31,0x30,0x30,0x20,0x3c,0x2f,  /* xtUnknown"> 100 </ */
    0x6e,0x61,0x6d,0x65,0x64,0x56,0x61,0x6c,0x75,0x65,0x3e,0x0a,0x20,0x20,0x3c,0x2f,0x70,0x61,  /* namedValue>.  </pa */
    0x72,0x61,0x6d,0x3e,0x0a,0x0a,0x20,0x20,0x3c,0x70,0x61,0x72,0x61,0x6d,0x20,0x6e,0x61,0x6d,  /* ram>..  <param nam */
    0x65,0x3d,0x22,0x74,0x74,0x73,0x2e,0x76,0x6f,0x69,0x63,0x65,0x43,0x66,0x67,0x2e,0x70,0x72,  /* e="tts.voiceCfg.pr */
    0x6f,0x73,0x63,0x6f,0x73,0x74,0x2e,0x73,0x79,0x6c,0x49,0x6e,0x50,0x68,0x72,0x61,0x73,0x65,  /* oscost.sylInPhrase */
    0x43,0x6f,0x73,0x74,0x73,0x2e,0x50,0x68,0x72,0x46,0x69,0x6e,0x61,0x6c,0x22,0x3e,0x0a,0x20,  /* Costs.PhrFinal">.  */
    0x20,0x20,0x20,0x20,0x3c,0x6e,0x61,0x6d,0x65,0x64,0x56,0x61,0x6c,0x75,0x65,0x20,0x6e,0x61,  /*     <namedValue na */
    0x6d,0x65,0x3d,0x22,0x55,0x4e,0x44,0x45,0x46,0x22,0x3e,0x20,0x31,0x30,0x30,0x20,0x3c,0x2f,  /* me="UNDEF"> 100 </ */
    0x6e,0x61,0x6d,0x65,0x64,0x56,0x61,0x6c,0x75,0x65,0x3e,0x0a,0x20,0x20,0x20,0x20,0x20,0x3c,  /* namedValue>.     < */
    0x6e,0x61,0x6d,0x65,0x64,0x56,0x61,0x6c,0x75,0x65,0x20,0x6e,0x61,0x6d,0x65,0x3d,0x22,0x50,  /* namedValue name="P */
    0x68,0x72,0x49,0x6e,0x69,0x74,0x69,0x61,0x6c,0x22,0x3e,0x20,0x31,0x20,0x3c,0x2f,0x6e,0x61,  /* hrInitial"> 1 </na */
    0x6d,0x65,0x64,0x56,0x61,0x6c,0x75,0x65,0x3e,0x0a,0x20,0x20,0x20,0x20,0x20,0x3c,0x6e,0x61,  /* medValue>.     <na */
    0x6d,0x65,0x64,0x56,0x61,0x6c,0x75,0x65,0x20,0x6e,0x61,0x6d,0x65,0x3d,0x22,0x50,0x68,0x72,  /* medValue name="Phr */
    0x4d,0x65,0x64,0x69,0x61,0x6c,0x22,0x3e,0x20,0x31,0x20,0x3c,0x2f,0x6e,0x61,0x6d,0x65,0x64,  /* Medial"> 1 </named */
    0x56,0x61,0x6c,0x75,0x65,0x3e,0x0a,0x20,0x20,0x20,0x20,0x20,0x3c,0x6e,0x61,0x6d,0x65,0x64,  /* Value>.     <named */
    0x56,0x61,0x6c,0x75,0x65,0x20,0x6e,0x61,0x6d,0x65,0x3d,0x22,0x50,0x68,0x72,0x46,0x69,0x6e,  /* Value name="PhrFin */
    0x61,0x6c,0x22,0x3e,0x20,0x30,0x20,0x3c,0x2f,0x6e,0x61,0x6d,0x65,0x64,0x56,0x61,0x6c,0x75,  /* al"> 0 </namedValu */
    0x65,0x3e,0x0a,0x20,0x20,0x20,0x20,0x20,0x3c,0x6e,0x61,0x6d,0x65,0x64,0x56,0x61,0x6c,0x75,  /* e>.     <namedValu */
    0x65,0x20,0x6e,0x61,0x6d,0x65,0x3d,0x22,0x50,0x68,0x72,0x53,0x69,0x6e,0x67,0x6c,0x65,0x22,  /* e name="PhrSingle" */
    0x3e,0x20,0x30,0x20,0x3c,0x2f,0x6e,0x61,0x6d,0x65,0x64,0x56,0x61,0x6c,0x75,0x65,0x3e,0x0a,  /* > 0 </namedValue>. */
    0x20,0x20,0x20,0x20,0x20,0x3c,0x6e,0x61,0x6d,0x65,0x64,0x56,0x61,0x6c,0x75,0x65,0x20,0x6e,  /*      <namedValue n */
    0x61,0x6d,0x65,0x3d,0x22,0x53,0x65,0x6e,0x74,0x46,0x69,0x6e,0x61,0x6c,0x22,0x3e,0x20,0x30,  /* ame="SentFinal"> 0 */
    0x2e,0x35,0x20,0x3c,0x2f,0x6e,0x61,0x6d,0x65,0x64,0x56,0x61,0x6c,0x75,0x65,0x3e,0x0a,0x20,  /* .5 </namedValue>.  */
    0x20,0x20,0x20,0x20,0x3c,0x6e,0x61,0x6d,0x65,0x64,0x56,0x61,0x6c,0x75,0x65,0x20,0x6e,0x61,  /*     <namedValue na */
    0x6d,0x65,0x3d,0x22,0x57,0x6f,0x72,0x64,0x49,0x6e,0x69,0x74,0x22,0x3e,0x20,0x31,0x20,0x3c,  /* me="WordInit"> 1 < */
    0x2f,0x6e,0x61,0x6d,0x65,0x64,0x56,0x61,0x6c,0x75,0x65,0x3e,0x0a,0x20,0x20,0x20,0x20,0x20,  /* /namedValue>.      */
    0x3c,0x6e,0x61,0x6d,0x65,0x64,0x56,0x61,0x6c,0x75,0x65,0x20,0x6e,0x61,0x6d,0x65,0x3d,0x22,  /* <namedValue name=" */
    0x57,0x6f,0x72,0x64,0x4d,0x65,0x64,0x69,0x61,0x6c,0x22,0x3e,0x20,0x31,0x20,0x3c,0x2f,0x6e,  /* WordMedial"> 1 </n */
    0x61,0x6d,0x65,0x64,0x56,0x61,0x6c,0x75,0x65,0x3e,0x0a,0x20,0x20,0x20,0x20,0x20,0x3c,0x6e,  /* amedValue>.     <n */
    0x61,0x6d,0x65,0x64,0x56,0x61,0x6c,0x75,0x65,0x20,0x6e,0x61,0x6d,0x65,0x3d,0x22,0x57,0x6f,  /* amedValue name="Wo */
    0x72,0x64,0x46,0x69,0x6e,0x61,0x6c,0x22,0x3e,0x20,0x31,0x20,0x3c,0x2f,0x6e,0x61,0x6d,0x65,  /* rdFinal"> 1 </name */
    0x64,0x56,0x61,0x6c,0x75,0x65,0x3e,0x0a,0x20,0x20,0x20,0x20,0x20,0x3c,0x6e,0x61,0x6d,0x65,  /* dValue>.     <name */
    0x64,0x56,0x61,0x6c,0x75,0x65,0x20,0x6e,0x61,0x6d,0x65,0x3d,0x22,0x43,0x6f,0x6e,0x74,0x65,  /* dValue name="Conte */
    0x78,0x74,0x55,0x6e,0x6b,0x6e,0x6f,0x77,0x6e,0x22,0x3e,0x20,0x31,0x30,0x30,0x20,0x3c,0x2f,  /* xtUnknown"> 100 </ */
    0x6e,0x61,0x6d,0x65,0x64,0x56,0x61,0x6c,0x75,0x65,0x3e,0x0a,0x20,0x20,0x3c,0x2f,0x70,0x61,  /* namedValue>.  </pa */
    0x72,0x61,0x6d,0x3e,0x0a,0x0a,0x20,0x20,0x3c,0x70,0x61,0x72,0x61,0x6d,0x20,0x6e,0x61,0x6d,  /* ram>..  <param nam */
    0x65,0x3d,0x22,0x74,0x74,0x73,0x2e,0x76,0x6f,0x69,0x63,0x65,0x43,0x66,0x67,0x2e,0x70,0x72,  /* e="tts.voiceCfg.pr */
    0x6f,0x73,0x63,0x6f,0x73,0x74,0x2e,0x73,0x79,0x6c,0x49,0x6e,0x50,0x68,0x72,0x61,0x73,0x65,  /* oscost.sylInPhrase */
    0x43,0x6f,0x73,0x74,0x73,0x2e,0x50,0x68,0x72,0x49,0x6e,0x69,0x74,0x69,0x61,0x6c,0x22,0x3e,  /* Costs.PhrInitial"> */
    0x0a,0x20,0x20,0x20,0x20,0x20,0x3c,0x6e,0x61,0x6d,0x65,0x64,0x56,0x61,0x6c,0x75,0x65,0x20,  /* .     <namedValue  */
    0x6e,0x61,0x6d,0x65,0x3d,0x22,0x55,0x4e,0x44,0x45,0x46,0x22,0x3e,0x20,0x31,0x30,0x30,0x20,  /* name="UNDEF"> 100  */
    0x3c,0x2f,0x6e,0x61,0x6d,0x65,0x64,0x56,0x61,0x6c,0x75,0x65,0x3e,0x0a,0x20,0x20,0x20,0x20,  /* </namedValue>.     */
    0x20,0x3c,0x6e,0x61,0x6d,0x65,0x64,0x56,0x61,0x6c,0x75,0x65,0x20,0x6e,0x61,0x6d,0x65,0x3d,  /*  <namedValue name= */
    0x22,0x50,0x68,0x72,0x49,0x6e,0x69,0x74,0x69,0x61,0x6c,0x22,0x3e,0x20,0x30,0x20,0x3c,0x2f,  /* "PhrInitial"> 0 </ */
    0x6e,0x61,0x6d,0x65,0x64,0x56,0x61,0x6c,0x75,0x65,0x3e,0x0a,0x20,0x20,0x20,0x20,0x20,0x3c,  /* namedValue>.     < */
    0x6e,0x61,0x6d,0x65,0x64,0x56,0x61,0x6c,0x75,0x65,0x20,0x6e,0x61,0x6d,0x65,0x3d,0x22,0x50,  /* namedValue name="P */
    0x68,0x72,0x4d,0x65,0x64,0x69,0x61,0x6c,0x22,0x3e,0x20,0x30,0x20,0x3c,0x2f,0x6e,0x61,0x6d,  /* hrMedial"> 0 </nam */
    0x65,0x64,0x56,0x61,0x6c,0x75,0x65,0x3e,0x0a,0x20,0x20,0x20,0x20,0x20,0x3c,0x6e,0x61,0x6d,  /* edValue>.     <nam */
    0x65,0x64,0x56,0x61,0x6c,0x75,0x65,0x20,0x6e,0x61,0x6d,0x65,0x3d,0x22,0x50,0x68,0x72,0x46,  /* edValue name="PhrF */
    0x69,0x6e,0x61,0x6c,0x22,0x3e,0x20,0x31,0x20,0x3c,0x2f,0x6e,0x61,0x6d,0x65,0x64,0x56,0x61,  /* inal"> 1 </namedVa */
    0x6c,0x75,0x65,0x3e,0x0a,0x20,0x20,0x20,0x20,0x20,0x3c,0x6e,0x61,0x6d,0x65,0x64,0x56,0x61,  /* lue>.     <namedVa */
    0x6c,0x75,0x65,0x20,0x6e,0x61,0x6d,0x65,0x3d,0x22,0x50,0x68,0x72,0x53,0x69,0x6e,0x67,0x6c,  /* lue name="PhrSingl */
    0x65,0x22,0x3e,0x20,0x31,0x20,0x3c,0x2f,0x6e,0x61,0x6d,0x65,0x64,0x56,0x61,0x6c,0x75,0x65,  /* e"> 1 </namedValue */
    0x3e,0x0a,0x20,0x20,0x20,0x20,0x20,0x3c,0x6e,0x61,0x6d,0x65,0x64,0x56,0x61,0x6c,0x75,0x65,  /* >.     <namedValue */
    0x20,0x6e,0x61,0x6d,0x65,0x3d,0x22,0x53,0x65,0x6e,0x74,0x46,0x69,0x6e,0x61,0x6c,0x22,0x3e,  /*  name="SentFinal"> */
    0x20,0x31,0x20,0x3c,0x2f,0x6e,0x61,0x6d,0x65,0x64,0x56,0x61,0x6c,0x75,0x65,0x3e,0x0a,0x20,  /*  1 </namedValue>.  */
    0x20,0x20,0x20,0x20,0x3c,0x6e,0x61,0x6d,0x65,0x64,0x56,0x61,0x6c,0x75,0x65,0x20,0x6e,0x61,  /*     <namedValue na */
    0x6d,0x65,0x3d,0x22,0x57,0x6f,0x72,0x64,0x49,0x6e,0x69,0x74,0x22,0x3e,0x20,0x31,0x20,0x3c,  /* me="WordInit"> 1 < */
    0x2f,0x6e,0x61,0x6d,0x65,0x64,0x56,0x61,0x6c,0x75,0x65,0x3e,0x0a,0x20,0x20,0x20,0x20,0x20,  /* /namedValue>.      */
    0x3c,0x6e,0x61,0x6d,0x65,0x64,0x56,0x61,0x6c,0x75,0x65,0x20,0x6e,0x61,0x6d,0x65,0x3d,0x22,  /* <namedValue name=" */
    0x57,0x6f,0x72,0x64,0x4d,0x65,0x64,0x69,0x61,0x6c,0x22,0x3e,0x20,0x31,0x20,0x3c,0x2f,0x6e,  /* WordMedial"> 1 </n */
    0x61,0x6d,0x65,0x64,0x56,0x61,0x6c,0x75,0x65,0x3e,0x0a,0x20,0x20,0x20,0x20,0x20,0x3c,0x6e,  /* amedValue>.     <n */
    0x61,0x6d,0x65,0x64,0x56,0x61,0x6c,0x75,0x65,0x20,0x6e,0x61,0x6d,0x65,0x3d,0x22,0x57,0x6f,  /* amedValue name="Wo */
    0x72,0x64,0x46,0x69,0x6e,0x61,0x6c,0x22,0x3e,0x20,0x31,0x20,0x3c,0x2f,0x6e,0x61,0x6d,0x65,  /* rdFinal"> 1 </name */
    0x64,0x56,0x61,0x6c,0x75,0x65,0x3e,0x0a,0x20,0x20,0x20,0x20,0x20,0x3c,0x6e,0x61,0x6d,0x65,  /* dValue>.     <name */
    0x64,0x56,0x61,0x6c,0x75,0x65,0x20,0x6e,0x61,0x6d,0x65,0x3d,0x22,0x43,0x6f,0x6e,0x74,0x65,  /* dValue name="Conte */
    0x78,0x74,0x55,0x6e,0x6b,0x6e,0x6f,0x77,0x6e,0x22,0x3e,0x20,0x31,0x30,0x30,0x20,0x3c,0x2f,  /* xtUnknown"> 100 </ */
    0x6e,0x61,0x6d,0x65,0x64,0x56,0x61,0x6c,0x75,0x65,0x3e,0x0a,0x20,0x20,0x3c,0x2f,0x70,0x61,  /* namedValue>.  </pa */
    0x72,0x61,0x6d,0x3e,0x0a,0x0a,0x20,0x20,0x3c,0x70,0x61,0x72,0x61,0x6d,0x20,0x6e,0x61,0x6d,  /* ram>..  <param nam */
    0x65,0x3d,0x22,0x74,0x74,0x73,0x2e,0x76,0x6f,0x69,0x63,0x65,0x43,0x66,0x67,0x2e,0x70,0x72,  /* e="tts.voiceCfg.pr */
    0x6f,0x73,0x63,0x6f,0x73,0x74,0x2e,0x73,0x79,0x6c,0x49,0x6e,0x50,0x68,0x72,0x61,0x73,0x65,  /* oscost.sylInPhrase */
    0x43,0x6f,0x73,0x74,0x73,0x2e,0x50,0x68,0x72,0x4d,0x65,0x64,0x69,0x61,0x6c,0x22,0x3e,0x0a,  /* Costs.PhrMedial">. */
    0x20,0x20,0x20,0x20,0x20,0x3c,0x6e,0x61,0x6d,0x65,0x64,0x56,0x61,0x6c,0x75,0x65,0x20,0x6e,  /*      <namedValue n */
    0x61,0x6d,0x65,0x3d,0x22,0x55,0x4e,0x44,0x45,0x46,0x22,0x3e,0x20,0x31,0x30,0x30,0x20,0x3c,  /* ame="UNDEF"> 100 < */
    0x2f,0x6e,0x61,0x6d,0x65,0x64,0x56,0x61,0x6c,0x75,0x65,0x3e,0x0a,0x20,0x20,0x20,0x20,0x20,  /* /namedValue>.      */
    0x3c,0x6e,0x61,0x6d,0x65,0x64,0x56,0x61,0x6c,0x75,0x65,0x20,0x6e,0x61,0x6d,0x65,0x3d,0x22,  /* <namedValue name=" */
    0x50,0x68,0x72,0x49,0x6e,0x69,0x74,0x69,0x61,0x6c,0x22,0x3e,0x20,0x31,0x20,0x3c,0x2f,0x6e,  /* PhrInitial"> 1 </n */
    0x61,0x6d,0x65,0x64,0x56,0x61,0x6c,0x75,0x65,0x3e,0x0a,0x20,0x20,0x20,0x20,0x20,0x3c,0x6e,  /* amedValue>.     <n */
    0x61,0x6d,0x65,0x64,0x56,0x61,0x6c,0x75,0x65,0x20,0x6e,0x61,0x6d,0x65,0x3d,0x22,0x50,0x68,  /* amedValue name="Ph */
    0x72,0x4d,0x65,0x64,0x69,0x61,0x6c,0x22,0x3e,0x20,0x30,0x20,0x3c,0x2f,0x6e,0x61,0x6d,0x65,  /* rMedial"> 0 </name */
    0x64,0x56,0x61,0x6c,0x75,0x65,0x3e,0x0a,0x20,0x20,0x20,0x20,0x20,0x3c,0x6e,0x61,0x6d,0x65,  /* dValue>.     <name */
    0x64,0x56,0x61,0x6c,0x75,0x65,0x20,0x6e,0x61,0x6d,0x65,0x3d,0x22,0x50,0x68,0x72,0x46,0x69,  /* dValue name="PhrFi */
    0x6e,0x61,0x6c,0x22,0x3e,0x20,0x31,0x20,0x3c,0x2f,0x6e,0x61,0x6d,0x65,0x64,0x56,0x61,0x6c,  /* nal"> 1 </namedVal */
    0x75,0x65,0x3e,0x0a,0x20,0x20,0x20,0x20,0x20,0x3c,0x6e,0x61,0x6d,0x65,0x64,0x56,0x61,0x6c,  /* ue>.     <namedVal */
    0x75,0x65,0x20,0x6e,0x61,0x6d,0x65,0x3d,0x22,0x50,0x68,0x72,0x53,0x69,0x6e,0x67,0x6c,0x65,  /* ue name="PhrSingle */
    0x22,0x3e,0x20,0x31,0x20,0x3c,0x2f,0x6e,0x61,0x6d,0x65,0x64,0x56,0x61,0x6c,0x75,0x65,0x3e,  /* "> 1 </namedValue> */
    0x0a,0x20,0x20,0x20,0x20,0x20,0x3c,0x6e,0x61,0x6d,0x65,0x64,0x56,0x61,0x6c,0x75,0x65,0x20,  /* .     <namedValue  */
    0x6e,0x61,0x6d,0x65,0x3d,0x22,0x53,0x65,0x6e,0x74,0x46,0x69,0x6e,0x61,0x6c,0x22,0x3e,0x20,  /* name="SentFinal">  */
    0x31,0x20,0x3c,0x2f,0x6e,0x61,0x6d,0x65,0x64,0x56,0x61,0x6c,0x75,0x65,0x3e,0x0a,0x20,0x20,  /* 1 </namedValue>.   */
    0x20,0x20,0x20,0x3c,0x6e,0x61,0x6d,0x65,0x64,0x56,0x61,0x6c,0x75,0x65,0x20,0x6e,0x61,0x6d,  /*    <namedValue nam */
    0x65,0x3d,0x22,0x57,0x6f,0x72,0x64,0x49,0x6e,0x69,0x74,0x22,0x3e,0x20,0x31,0x20,0x3c,0x2f,  /* e="WordInit"> 1 </ */
    0x6e,0x61,0x6d,0x65,0x64,0x56,0x61,0x6c,0x75,0x65,0x3e,0x0a,0x20,0x20,0x20,0x20,0x20,0x3c,  /* namedValue>.     < */
    0x6e,0x61,0x6d,0x65,0x64,0x56,0x61,0x6c,0x75,0x65,0x20,0x6e,0x61,0x6d,0x65,0x3d,0x22,0x57,  /* namedValue name="W */
    0x6f,0x72,0x64,0x4d,0x65,0x64,0x69,0x61,0x6c,0x22,0x3e,0x20,0x31,0x20,0x3c,0x2f,0x6e,0x61,  /* ordMedial"> 1 </na */
    0x6d,0x65,0x64,0x56,0x61,0x6c,0x75,0x65,0x3e,0x0a,0x20,0x20,0x20,0x20,0x20,0x3c,0x6e,0x61,  /* medValue>.     <na */
    0x6d,0x65,0x64,0x56,0x61,0x6c,0x75,0x65,0x20,0x6e,0x61,0x6d,0x65,0x3d,0x22,0x57,0x6f,0x72,  /* medValue name="Wor */
    0x64,0x46,0x69,0x6e,0x61,0x6c,0x22,0x3e,0x20,0x31,0x20,0x3c,0x2f,0x6e,0x61,0x6d,0x65,0x64,  /* dFinal"> 1 </named */
    0x56,0x61,0x6c,0x75,0x65,0x3e,0x0a,0x20,0x20,0x20,0x20,0x20,0x3c,0x6e,0x61,0x6d,0x65,0x64,  /* Value>.     <named */
    0x56,0x61,0x6c,0x75,0x65,0x20,0x6e,0x61,0x6d,0x65,0x3d,0x22,0x43,0x6f,0x6e,0x74,0x65,0x78,  /* Value name="Contex */
    0x74,0x55,0x6e,0x6b,0x6e,0x6f,0x77,0x6e,0x22,0x3e,0x20,0x31,0x30,0x30,0x20,0x3c,0x2f,0x6e,  /* tUnknown"> 100 </n */
    0x61,0x6d,0x65,0x64,0x56,0x61,0x6c,0x75,0x65,0x3e,0x0a,0x20,0x20,0x3c,0x2f,0x70,0x61,0x72,  /* amedValue>.  </par */
    0x61,0x6d,0x3e,0x0a,0x0a,0x20,0x20,0x3c,0x70,0x61,0x72,0x61,0x6d,0x20,0x6e,0x61,0x6d,0x65,  /* am>..  <param name */
    0x3d,0x22,0x74,0x74,0x73,0x2e,0x76,0x6f,0x69,0x63,0x65,0x43,0x66,0x67,0x2e,0x70,0x72,0x6f,  /* ="tts.voiceCfg.pro */
    0x73,0x63,0x6f,0x73,0x74,0x2e,0x73,0x79,0x6c,0x49,0x6e,0x50,0x68,0x72,0x61,0x73,0x65,0x43,  /* scost.sylInPhraseC */
    0x6f,0x73,0x74,0x73,0x2e,0x50,0x68,0x72,0x53,0x69,0x6e,0x67,0x6c,0x65,0x22,0x3e,0x0a,0x20,  /* osts.PhrSingle">.  */
    0x20,0x20,0x20,0x20,0x3c,0x6e,0x61,0x6d,0x65,0x64,0x56,0x61,0x6c,0x75,0x65,0x20,0x6e,0x61,  /*     <namedValue na */
    0x6d,0x65,0x3d,0x22,0x55,0x4e,0x44,0x45,0x46,0x22,0x3e,0x20,0x31,0x30,0x30,0x20,0x3c,0x2f,  /* me="UNDEF"> 100 </ */
    0x6e,0x61,0x6d,0x65,0x64,0x56,0x61,0x6c,0x75,0x65,0x3e,0x0a,0x20,0x20,0x20,0x20,0x20,0x3c,  /* namedValue>.     < */
    0x6e,0x61,0x6d,0x65,0x64,0x56,0x61,0x6c,0x75,0x65,0x20,0x6e,0x61,0x6d,0x65,0x3d,0x22,0x50,  /* namedValue name="P */
    0x68,0x72,0x49,0x6e,0x69,0x74,0x69,0x61,0x6c,0x22,0x3e,0x20,0x33,0x20,0x3c,0x2f,0x6e,0x61,  /* hrInitial"> 3 </na */
    0x6d,0x65,0x64,0x56,0x61,0x6c,0x75,0x65,0x3e,0x0a,0x20,0x20,0x20,0x20,0x20,0x3c,0x6e,0x61,  /* medValue>.     <na */
    0x6d,0x65,0x64,0x56,0x61,0x6c,0x75,0x65,0x20,0x6e,0x61,0x6d,0x65,0x3d,0x22,0x50,0x68,0x72,  /* medValue name="Phr */
    0x4d,0x65,0x64,0x69,0x61,0x6c,0x22,0x3e,0x20,0x33,0x20,0x3c,0x2f,0x6e,0x61,0x6d,0x65,0x64,  /* Medial"> 3 </named */
    0x56,0x61,0x6c,0x75,0x65,0x3e,0x0a,0x20,0x20,0x20,0x20,0x20,0x3c,0x6e,0x61,0x6d,0x65,0x64,  /* Value>.     <named */
    0x56,0x61,0x6c,0x75,0x65,0x20,0x6e,0x61,0x6d,0x65,0x3d,0x22,0x50,0x68,0x72,0x46,0x69,0x6e,  /* Value name="PhrFin */
    0x61,0x6c,0x22,0x3e,0x20,0x33,0x20,0x3c,0x2f,0x6e,0x61,0x6d,0x65,0x64,0x56,0x61,0x6c,0x75,  /* al"> 3 </namedValu */
    0x65,0x3e,0x0a,0x20,0x20,0x20,0x20,0x20,0x3c,0x6e,0x61,0x6d,0x65,0x64,0x56,0x61,0x6c,0x75,  /* e>.     <namedValu */
    0x65,0x20,0x6e,0x61,0x6d,0x65,0x3d,0x22,0x50,0x68,0x72,0x53,0x69,0x6e,0x67,0x6c,0x65,0x22,  /* e name="PhrSingle" */
    0x3e,0x20,0x30,0x20,0x3c,0x2f,0x6e,0x61,0x6d,0x65,0x64,0x56,0x61,0x6c,0x75,0x65,0x3e,0x0a,  /* > 0 </namedValue>. */
    0x20,0x20,0x20,0x20,0x20,0x3c,0x6e,0x61,0x6d,0x65,0x64,0x56,0x61,0x6c,0x75,0x65,0x20,0x6e,  /*      <namedValue n */
    0x61,0x6d,0x65,0x3d,0x22,0x53,0x65,0x6e,0x74,0x46,0x69,0x6e,0x61,0x6c,0x22,0x3e,0x20,0x30,  /* ame="SentFinal"> 0 */
    0x2e,0x35,0x20,0x3c,0x2f,0x6e,0x61,0x6d,0x65,0x64,0x56,0x61,0x6c,0x75,0x65,0x3e,0x0a,0x20,  /* .5 </namedValue>.  */
    0x20,0x20,0x20,0x20,0x3c,0x6e,0x61,0x6d,0x65,0x64,0x56,0x61,0x6c,0x75,0x65,0x20,0x6e,0x61,  /*     <namedValue na */
    0x6d,0x65,0x3d,0x22,0x57,0x6f,0x72,0x64,0x49,0x6e,0x69,0x74,0x22,0x3e,0x20,0x33,0x20,0x3c,  /* me="WordInit"> 3 < */
    0x2f,0x6e,0x61,0x6d,0x65,0x64,0x56,0x61,0x6c,0x75,0x65,0x3e,0x0a,0x20,0x20,0x20,0x20,0x20,  /* /namedValue>.      */
    0x3c,0x6e,0x61,0x6d,0x65,0x64,0x56,0x61,0x6c,0x75,0x65,0x20,0x6e,0x61,0x6d,0x65,0x3d,0x22,  /* <namedValue name=" */
    0x57,0x6f,0x72,0x64,0x4d,0x65,0x64,0x69,0x61,0x6c,0x22,0x3e,0x20,0x33,0x20,0x3c,0x2f,0x6e,  /* WordMedial"> 3 </n */
    0x61,0x6d,0x65,0x64,0x56,0x61,0x6c,0x75,0x65,0x3e,0x0a,0x20,0x20,0x20,0x20,0x20,0x3c,0x6e,  /* amedValue>.     <n */
    0x61,0x6d,0x65,0x64,0x56,0x61,0x6c,0x75,0x65,0x20,0x6e,0x61,0x6d,0x65,0x3d,0x22,0x57,0x6f,  /* amedValue name="Wo */
    0x72,0x64,0x46,0x69,0x6e,0x61,0x6c,0x22,0x3e,0x20,0x33,0x20,0x3c,0x2f,0x6e,0x61,0x6d,0x65,  /* rdFinal"> 3 </name */
    0x64,0x56,0x61,0x6c,0x75,0x65,0x3e,0x0a,0x20,0x20,0x20,0x20,0x20,0x3c,0x6e,0x61,0x6d,0x65,  /* dValue>.     <name */
    0x64,0x56,0x61,0x6c,0x75,0x65,0x20,0x6e,0x61,0x6d,0x65,0x3d,0x22,0x43,0x6f,0x6e,0x74,0x65,  /* dValue name="Conte */
    0x78,0x74,0x55,0x6e,0x6b,0x6e,0x6f,0x77,0x6e,0x22,0x3e,0x20,0x31,0x30,0x30,0x20,0x3c,0x2f,  /* xtUnknown"> 100 </ */
    0x6e,0x61,0x6d,0x65,0x64,0x56,0x61,0x6c,0x75,0x65,0x3e,0x0a,0x20,0x20,0x3c,0x2f,0x70,0x61,  /* namedValue>.  </pa */
    0x72,0x61,0x6d,0x3e,0x0a,0x0a,0x20,0x20,0x3c,0x70,0x61,0x72,0x61,0x6d,0x20,0x6e,0x61,0x6d,  /* ram>..  <param nam */
    0x65,0x3d,0x22,0x74,0x74,0x73,0x2e,0x76,0x6f,0x69,0x63,0x65,0x43,0x66,0x67,0x2e,0x70,0x72,  /* e="tts.voiceCfg.pr */
    0x6f,0x73,0x63,0x6f,0x73,0x74,0x2e,0x73,0x79,0x6c,0x49,0x6e,0x50,0x68,0x72,0x61,0x73,0x65,  /* oscost.sylInPhrase */
    0x43,0x6f,0x73,0x74,0x73,0x2e,0x53,0x65,0x6e,0x74,0x46,0x69,0x6e,0x61,0x6c,0x22,0x3e,0x0a,  /* Costs.SentFinal">. */
    0x20,0x20,0x20,0x20,0x20,0x3c,0x6e,0x61,0x6d,0x65,0x64,0x56,0x61,0x6c,0x75,0x65,0x20,0x6e,  /*      <namedValue n */
    0x61,0x6d,0x65,0x3d,0x22,0x55,0x4e,0x44,0x45,0x46,0x22,0x3e,0x20,0x31,0x30,0x30,0x20,0x3c,  /* ame="UNDEF"> 100 < */
    0x2f,0x6e,0x61,0x6d,0x65,0x64,0x56,0x61,0x6c,0x75,0x65,0x3e,0x0a,0x20,0x20,0x20,0x20,0x20,  /* /namedValue>.      */
    0x3c,0x6e,0x61,0x6d,0x65,0x64,0x56,0x61,0x6c,0x75,0x65,0x20,0x6e,0x61,0x6d,0x65,0x3d,0x22,  /* <namedValue name=" */
    0x50,0x68,0x72,0x49,0x6e,0x69,0x74,0x69,0x61,0x6c,0x22,0x3e,0x20,0x31,0x20,0x3c,0x2f,0x6e,  /* PhrInitial"> 1 </n */
    0x61,0x6d,0x65,0x64,0x56,0x61,0x6c,0x75,0x65,0x3e,0x0a,0x20,0x20,0x20,0x20,0x20,0x3c,0x6e,  /* amedValue>.     <n */
    0x61,0x6d,0x65,0x64,0x56,0x61,0x6c,0x75,0x65,0x20,0x6e,0x61,0x6d,0x65,0x3d,0x22,0x50,0x68,  /* amedValue name="Ph */
    0x72,0x4d,0x65,0x64,0x69,0x61,0x6c,0x22,0x3e,0x20,0x31,0x20,0x3c,0x2f,0x6e,0x61,0x6d,0x65,  /* rMedial"> 1 </name */
    0x64,0x56,0x61,0x6c,0x75,0x65,0x3e,0x0a,0x20,0x20,0x20,0x20,0x20,0x3c,0x6e,0x61,0x6d,0x65,  /* dValue>.     <name */
    0x64,0x56,0x61,0x6c,0x75,0x65,0x20,0x6e,0x61,0x6d,0x65,0x3d,0x22,0x50,0x68,0x72,0x46,0x69,  /* dValue name="PhrFi */
    0x6e,0x61,0x6c,0x22,0x3e,0x20,0x32,0x20,0x3c,0x2f,0x6e,0x61,0x6d,0x65,0x64,0x56,0x61,0x6c,  /* nal"> 2 </namedVal */
    0x75,0x65,0x3e,0x0a,0x20,0x20,0x20,0x20,0x20,0x3c,0x6e,0x61,0x6d,0x65,0x64,0x56,0x61,0x6c,  /* ue>.     <namedVal */
    0x75,0x65,0x20,0x6e,0x61,0x6d,0x65,0x3d,0x22,0x50,0x68,0x72,0x53,0x69,0x6e,0x67,0x6c,0x65,  /* ue name="PhrSingle */
    0x22,0x3e,0x20,0x30,0x20,0x3c,0x2f,0x6e,0x61,0x6d,0x65,0x64,0x56,0x61,0x6c,0x75,0x65,0x3e,  /* "> 0 </namedValue> */
    0x0a,0x20,0x20,0x20,0x20,0x20,0x3c,0x6e,0x61,0x6d,0x65,0x64,0x56,0x61,0x6c,0x75,0x65,0x20,  /* .     <namedValue  */
    0x6e,0x61,0x6d,0x65,0x3d,0x22,0x53,0x65,0x6e,0x74,0x46,0x69,0x6e,0x61,0x6c,0x22,0x3e,0x20,  /* name="SentFinal">  */
    0x30,0x20,0x3c,0x2f,0x6e,0x61,0x6d,0x65,0x64,0x56,0x61,0x6c,0x75,0x65,0x3e,0x0a,0x20,0x20,  /* 0 </namedValue>.   */
    0x20,0x20,0x20,0x3c,0x6e,0x61,0x6d,0x65,0x64,0x56,0x61,0x6c,0x75,0x65,0x20,0x6e,0x61,0x6d,  /*    <namedValue nam */
    0x65,0x3d,0x22,0x57,0x6f,0x72,0x64,0x49,0x6e,0x69,0x74,0x22,0x3e,0x20,0x30,0x20,0x3c,0x2f,  /* e="WordInit"> 0 </ */
    0x6e,0x61,0x6d,0x65,0x64,0x56,0x61,0x6c,0x75,0x65,0x3e,0x0a,0x20,0x20,0x20,0x20,0x20,0x3c,  /* namedValue>.     < */
    0x6e,0x61,0x6d,0x65,0x64,0x56,0x61,0x6c,0x75,0x65,0x20,0x6e,0x61,0x6d,0x65,0x3d,0x22,0x57,  /* namedValue name="W */
    0x6f,0x72,0x64,0x4d,0x65,0x64,0x69,0x61,0x6c,0x22,0x3e,0x20,0x30,0x20,0x3c,0x2f,0x6e,0x61,  /* ordMedial"> 0 </na */
    0x6d,0x65,0x64,0x56,0x61,0x6c,0x75,0x65,0x3e,0x0a,0x20,0x20,0x20,0x20,0x20,0x3c,0x6e,0x61,  /* medValue>.     <na */
    0x6d,0x65,0x64,0x56,0x61,0x6c,0x75,0x65,0x20,0x6e,0x61,0x6d,0x65,0x3d,0x22,0x57,0x6f,0x72,  /* medValue name="Wor */
    0x64,0x46,0x69,0x6e,0x61,0x6c,0x22,0x3e,0x20,0x30,0x20,0x3c,0x2f,0x6e,0x61,0x6d,0x65,0x64,  /* dFinal"> 0 </named */
    0x56,0x61,0x6c,0x75,0x65,0x3e,0x0a,0x20,0x20,0x20,0x20,0x20,0x3c,0x6e,0x61,0x6d,0x65,0x64,  /* Value>.     <named */
    0x56,0x61,0x6c,0x75,0x65,0x20,0x6e,0x61,0x6d,0x65,0x3d,0x22,0x43,0x6f,0x6e,0x74,0x65,0x78,  /* Value name="Contex */
    0x74,0x55,0x6e,0x6b,0x6e,0x6f,0x77,0x6e,0x22,0x3e,0x20,0x31,0x30,0x30,0x20,0x3c,0x2f,0x6e,  /* tUnknown"> 100 </n */
    0x61,0x6d,0x65,0x64,0x56,0x61,0x6c,0x75,0x65,0x3e,0x0a,0x20,0x20,0x3c,0x2f,0x70,0x61,0x72,  /* amedValue>.  </par */
    0x61,0x6d,0x3e,0x0a,0x0a,0x20,0x20,0x3c,0x70,0x61,0x72,0x61,0x6d,0x20,0x6e,0x61,0x6d,0x65,  /* am>..  <param name */
    0x3d,0x22,0x74,0x74,0x73,0x2e,0x76,0x6f,0x69,0x63,0x65,0x43,0x66,0x67,0x2e,0x70,0x72,0x6f,  /* ="tts.voiceCfg.pro */
    0x73,0x63,0x6f,0x73,0x74,0x2e,0x73,0x79,0x6c,0x49,0x6e,0x50,0x68,0x72,0x61,0x73,0x65,0x43,  /* scost.sylInPhraseC */
    0x6f,0x73,0x74,0x73,0x2e,0x55,0x4e,0x44,0x45,0x46,0x22,0x3e,0x0a,0x20,0x20,0x20,0x20,0x20,  /* osts.UNDEF">.      */
    0x3c,0x6e,0x61,0x6d,0x65,0x64,0x56,0x61,0x6c,0x75,0x65,0x20,0x6e,0x61,0x6d,0x65,0x3d,0x22,  /* <namedValue name=" */
    0x55,0x4e,0x44,0x45,0x46,0x22,0x3e,0x20,0x31,0x30,0x30,0x20,0x3c,0x2f,0x6e,0x61,0x6d,0x65,  /* UNDEF"> 100 </name */
    0x64,0x56,0x61,0x6c,0x75,0x65,0x3e,0x0a,0x20,0x20,0x20,0x20,0x20,0x3c,0x6e,0x61,0x6d,0x65,  /* dValue>.     <name */
    0x64,0x56,0x61,0x6c,0x75,0x65,0x20,0x6e,0x61,0x6d,0x65,0x3d,0x22,0x50,0x68,0x72,0x49,0x6e,  /* dValue name="PhrIn */
    0x69,0x74,0x69,0x61,0x6c,0x22,0x3e,0x20,0x30,0x20,0x3c,0x2f,0x6e,0x61,0x6d,0x65,0x64,0x56,  /* itial"> 0 </namedV */
    0x61,0x6c,0x75,0x65,0x3e,0x0a,0x20,0x20,0x20,0x20,0x20,0x3c,0x6e,0x61,0x6d,0x65,0x64,0x56,  /* alue>.     <namedV */
    0x61,0x6c,0x75,0x65,0x20,0x6e,0x61,0x6d,0x65,0x3d,0x22,0x50,0x68,0x72,0x4d,0x65,0x64,0x69,  /* alue name="PhrMedi */
    0x61,0x6c,0x22,0x3e,0x20,0x30,0x20,0x3c,0x2f,0x6e,0x61,0x6d,0x65,0x64,0x56,0x61,0x6c,0x75,  /* al"> 0 </namedValu */
    0x65,0x3e,0x0a,0x20,0x20,0x20,0x20,0x20,0x3c,0x6e,0x61,0x6d,0x65,0x64,0x56,0x61,0x6c,0x75,  /* e>.     <namedValu */
    0x65,0x20,0x6e,0x61,0x6d,0x65,0x3d,0x22,0x50,0x68,0x72,0x46,0x69,0x6e,0x61,0x6c,0x22,0x3e,  /* e name="PhrFinal"> */
    0x20,0x30,0x20,0x3c,0x2f,0x6e,0x61,0x6d,0x65,0x64,0x56,0x61,0x6c,0x75,0x65,0x3e,0x0a,0x20,  /*  0 </namedValue>.  */
    0x20,0x20,0x20,0x20,0x3c,0x6e,0x61,0x6d,0x65,0x64,0x56,0x61,0x6c,0x75,0x65,0x20,0x6e,0x61,  /*     <namedValue na */
    0x6d,0x65,0x3d,0x22,0x50,0x68,0x72,0x53,0x69,0x6e,0x67,0x6c,0x65,0x22,0x3e,0x20,0x30,0x20,  /* me="PhrSingle"> 0  */
    0x3c,0x2f,0x6e,0x61,0x6d,0x65,0x64,0x56,0x61,0x6c,0x75,0x65,0x3e,0x0a,0x20,0x20,0x20,0x20,  /* </namedValue>.     */
    0x20,0x3c,0x6e,0x61,0x6d,0x65,0x64,0x56,0x61,0x6c,0x75,0x65,0x20,0x6e,0x61,0x6d,0x65,0x3d,  /*  <namedValue name= */
    0x22,0x53,0x65,0x6e,0x74,0x46,0x69,0x6e,0x61,0x6c,0x22,0x3e,0x20,0x30,0x20,0x3c,0x2f,0x6e,  /* "SentFinal"> 0 </n */
    0x61,0x6d,0x65,0x64,0x56,0x61,0x6c,0x75,0x65,0x3e,0x0a,0x20,0x20,0x20,0x20,0x20,0x3c,0x6e,  /* amedValue>.     <n */
    0x61,0x6d,0x65,0x64,0x56,0x61,0x6c,0x75,0x65,0x20,0x6e,0x61,0x6d,0x65,0x3d,0x22,0x57,0x6f,  /* amedValue name="Wo */
    0x72,0x64,0x49,0x6e,0x69,0x74,0x22,0x3e,0x20,0x30,0x20,0x3c,0x2f,0x6e,0x61,0x6d,0x65,0x64,  /* rdInit"> 0 </named */
    0x56,0x61,0x6c,0x75,0x65,0x3e,0x0a,0x20,0x20,0x20,0x20,0x20,0x3c,0x6e,0x61,0x6d,0x65,0x64,  /* Value>.     <named */
    0x56,0x61,0x6c,0x75,0x65,0x20,0x6e,0x61,0x6d,0x65,0x3d,0x22,0x57,0x6f,0x72,0x64,0x4d,0x65,  /* Value name="WordMe */
    0x64,0x69,0x61,0x6c,0x22,0x3e,0x20,0x30,0x20,0x3c,0x2f,0x6e,0x61,0x6d,0x65,0x64,0x56,0x61,  /* dial"> 0 </namedVa */
    0x6c,0x75,0x65,0x3e,0x0a,0x20,0x20,0x20,0x20,0x20,0x3c,0x6e,0x61,0x6d,0x65,0x64,0x56,0x61,  /* lue>.     <namedVa */
    0x6c,0x75,0x65,0x20,0x6e,0x61,0x6d,0x65,0x3d,0x22,0x57,0x6f,0x72,0x64,0x46,0x69,0x6e,0x61,  /* lue name="WordFina */
    0x6c,0x22,0x3e,0x20,0x30,0x20,0x3c,0x2f,0x6e,0x61,0x6d,0x65,0x64,0x56,0x61,0x6c,0x75,0x65,  /* l"> 0 </namedValue */
    0x3e,0x0a,0x20,0x20,0x20,0x20,0x20,0x3c,0x6e,0x61,0x6d,0x65,0x64,0x56,0x61,0x6c,0x75,0x65,  /* >.     <namedValue */
    0x20,0x6e,0x61,0x6d,0x65,0x3d,0x22,0x43,0x6f,0x6e,0x74,0x65,0x78,0x74,0x55,0x6e,0x6b,0x6e,  /*  name="ContextUnkn */
    0x6f,0x77,0x6e,0x22,0x3e,0x20,0x31,0x30,0x30,0x20,0x3c,0x2f,0x6e,0x61,0x6d,0x65,0x64,0x56,  /* own"> 100 </namedV */
    0x61,0x6c,0x75,0x65,0x3e,0x0a,0x20,0x20,0x3c,0x2f,0x70,0x61,0x72,0x61,0x6d,0x3e,0x0a,0x0a,  /* alue>.  </param>.. */
    0x20,0x20,0x3c,0x70,0x61,0x72,0x61,0x6d,0x20,0x6e,0x61,0x6d,0x65,0x3d,0x22,0x74,0x74,0x73,  /*   <param name="tts */
    0x2e,0x76,0x6f,0x69,0x63,0x65,0x43,0x66,0x67,0x2e,0x70,0x72,0x6f,0x73,0x63,0x6f,0x73,0x74,  /* .voiceCfg.proscost */
    0x2e,0x73,0x79,0x6c,0x49,0x6e,0x50,0x68,0x72,0x61,0x73,0x65,0x43,0x6f,0x73,0x74,0x73,0x2e,  /* .sylInPhraseCosts. */
    0x57,0x6f,0x72,0x64,0x46,0x69,0x6e,0x61,0x6c,0x22,0x3e,0x0a,0x20,0x20,0x20,0x20,0x20,0x3c,  /* WordFinal">.     < */
    0x6e,0x61,0x6d,0x65,0x64,0x56,0x61,0x6c,0x75,0x65,0x20,0x6e,0x61,0x6d,0x65,0x3d,0x22,0x55,  /* namedValue name="U */
    0x4e,0x44,0x45,0x46,0x22,0x3e,0x20,0x31,0x30,0x30,0x20,0x3c,0x2f,0x6e,0x61,0x6d,0x65,0x64,  /* NDEF"> 100 </named */
    0x56,0x61,0x6c,0x75,0x65,0x3e,0x0a,0x20,0x20,0x20,0x20,0x20,0x3c,0x6e,0x61,0x6d,0x65,0x64,  /* Value>.     <named */
    0x56,0x61,0x6c,0x75,0x65,0x20,0x6e,0x61,0x6d,0x65,0x3d,0x22,0x50,0x68,0x72,0x49,0x6e,0x69,  /* Value name="PhrIni */
    0x74,0x69,0x61,0x6c,0x22,0x3e,0x20,0x30,0x20,0x3c,0x2f,0x6e,0x61,0x6d,0x65,0x64,0x56,0x61,  /* tial"> 0 </namedVa */
    0x6c,0x75,0x65,0x3e,0x0a,0x20,0x20,0x20,0x20,0x20,0x3c,0x6e,0x61,0x6d,0x65,0x64,0x56,0x61,  /* lue>.     <namedVa */
    0x6c,0x75,0x65,0x20,0x6e,0x61,0x6d,0x65,0x3d,0x22,0x50,0x68,0x72,0x4d,0x65,0x64,0x69,0x61,  /* lue name="PhrMedia */
    0x6c,0x22,0x3e,0x20,0x30,0x20,0x3c,0x2f,0x6e,0x61,0x6d,0x65,0x64,0x56,0x61,0x6c,0x75,0x65,  /* l"> 0 </namedValue */
    0x3e,0x0a,0x20,0x20,0x20,0x20,0x20,0x3c,0x6e,0x61,0x6d,0x65,0x64,0x56,0x61,0x6c,0x75,0x65,  /* >.     <namedValue */
    0x20,0x6e,0x61,0x6d,0x65,0x3d,0x22,0x50,0x68,0x72,0x46,0x69,0x6e,0x61,0x6c,0x22,0x3e,0x20,  /*  name="PhrFinal">  */
    0x30,0x20,0x3c,0x2f,0x6e,0x61,0x6d,0x65,0x64,0x56,0x61,0x6c,0x75,0x65,0x3e,0x0a,0x20,0x20,  /* 0 </namedValue>.   */
    0x20,0x20,0x20,0x3c,0x6e,0x61,0x6d,0x65,0x64,0x56,0x61,0x6c,0x75,0x65,0x20,0x6e,0x61,0x6d,  /*    <namedValue nam */
    0x65,0x3d,0x22,0x50,0x68,0x72,0x53,0x69,0x6e,0x67,0x6c,0x65,0x22,0x3e,0x20,0x30,0x20,0x3c,  /* e="PhrSingle"> 0 < */
    0x2f,0x6e,0x61,0x6d,0x65,0x64,0x56,0x61,0x6c,0x75,0x65,0x3e,0x0a,0x20,0x20,0x20,0x20,0x20,  /* /namedValue>.      */
    0x3c,0x6e,0x61,0x6d,0x65,0x64,0x56,0x61,0x6c,0x75,0x65,0x20,0x6e,0x61,0x6d,0x65,0x3d,0x22,  /* <namedValue name=" */
    0x53,0x65,0x6e,0x74,0x46,0x69,0x6e,0x61,0x6c,0x22,0x3e,0x20,0x30,0x20,0x3c,0x2f,0x6e,0x61,  /* SentFinal"> 0 </na */
    0x6d,0x65,0x64,0x56,0x61,0x6c,0x75,0x65,0x3e,0x0a,0x20,0x20,0x20,0x20,0x20,0x3c,0x6e,0x61,  /* medValue>.     <na */
    0x6d,0x65,0x64,0x56,0x61,0x6c,0x75,0x65,0x20,0x6e,0x61,0x6d,0x65,0x3d,0x22,0x57,0x6f,0x72,  /* medValue name="Wor */
    0x64,0x49,0x6e,0x69,0x74,0x22,0x3e,0x20,0x30,0x20,0x3c,0x2f,0x6e,0x61,0x6d,0x65,0x64,0x56,  /* dInit"> 0 </namedV */
    0x61,0x6c,0x75,0x65,0x3e,0x0a,0x20,0x20,0x20,0x20,0x20,0x3c,0x6e,0x61,0x6d,0x65,0x64,0x56,  /* alue>.     <namedV */
    0x61,0x6c,0x75,0x65,0x20,0x6e,0x61,0x6d,0x65,0x3d,0x22,0x57,0x6f,0x72,0x64,0x4d,0x65,0x64,  /* alue name="WordMed */
    0x69,0x61,0x6c,0x22,0x3e,0x20,0x30,0x20,0x3c,0x2f,0x6e,0x61,0x6d,0x65,0x64,0x56,0x61,0x6c,  /* ial"> 0 </namedVal */
    0x75,0x65,0x3e,0x0a,0x20,0x20,0x20,0x20,0x20,0x3c,0x6e,0x61,0x6d,0x65,0x64,0x56,0x61,0x6c,  /* ue>.     <namedVal */
    0x75,0x65,0x20,0x6e,0x61,0x6d,0x65,0x3d,0x22,0x57,0x6f,0x72,0x64,0x46,0x69,0x6e,0x61,0x6c,  /* ue name="WordFinal */
    0x22,0x3e,0x20,0x30,0x20,0x3c,0x2f,0x6e,0x61,0x6d,0x65,0x64,0x56,0x61,0x6c,0x75,0x65,0x3e,  /* "> 0 </namedValue> */
    0x0a,0x20,0x20,0x20,0x20,0x20,0x3c,0x6e,0x61,0x6d,0x65,0x64,0x56,0x61,0x6c,0x75,0x65,0x20,  /* .     <namedValue  */
    0x6e,0x61,0x6d,0x65,0x3d,0x22,0x43,0x6f,0x6e,0x74,0x65,0x78,0x74,0x55,0x6e,0x6b,0x6e,0x6f,  /* name="ContextUnkno */
    0x77,0x6e,0x22,0x3e,0x20,0x31,0x30,0x30,0x20,0x3c,0x2f,0x6e,0x61,0x6d,0x65,0x64,0x56,0x61,  /* wn"> 100 </namedVa */
    0x6c,0x75,0x65,0x3e,0x0a,0x20,0x20,0x3c,0x2f,0x70,0x61,0x72,0x61,0x6d,0x3e,0x0a,0x0a,0x20,  /* lue>.  </param>..  */
    0x20,0x3c,0x70,0x61,0x72,0x61,0x6d,0x20,0x6e,0x61,0x6d,0x65,0x3d,0x22,0x74,0x74,0x73,0x2e,  /*  <param name="tts. */
    0x76,0x6f,0x69,0x63,0x65,0x43,0x66,0x67,0x2e,0x70,0x72,0x6f,0x73,0x63,0x6f,0x73,0x74,0x2e,  /* voiceCfg.proscost. */
    0x73,0x79,0x6c,0x49,0x6e,0x50,0x68,0x72,0x61,0x73,0x65,0x43,0x6f,0x73,0x74,0x73,0x2e,0x57,  /* sylInPhraseCosts.W */
    0x6f,0x72,0x64,0x49,0x6e,0x69,0x74,0x22,0x3e,0x0a,0x20,0x20,0x20,0x20,0x20,0x3c,0x6e,0x61,  /* ordInit">.     <na */
    0x6d,0x65,0x64,0x56,0x61,0x6c,0x75,0x65,0x20,0x6e,0x61,0x6d,0x65,0x3d,0x22,0x55,0x4e,0x44,  /* medValue name="UND */
    0x45,0x46,0x22,0x3e,0x20,0x31,0x30,0x30,0x20,0x3c,0x2f,0x6e,0x61,0x6d,0x65,0x64,0x56,0x61,  /* EF"> 100 </namedVa */
    0x6c,0x75,0x65,0x3e,0x0a,0x20,0x20,0x20,0x20,0x20,0x3c,0x6e,0x61,0x6d,0x65,0x64,0x56,0x61,  /* lue>.     <namedVa */
    0x6c,0x75,0x65,0x20,0x6e,0x61,0x6d,0x65,0x3d,0x22,0x50,0x68,0x72,0x49,0x6e,0x69,0x74,0x69,  /* lue name="PhrIniti */
    0x61,0x6c,0x22,0x3e,0x20,0x30,0x20,0x3c,0x2f,0x6e,0x61,0x6d,0x65,0x64,0x56,0x61,0x6c,0x75,  /* al"> 0 </namedValu */
    0x65,0x3e,0x0a,0x20,0x20,0x20,0x20,0x20,0x3c,0x6e,0x61,0x6d,0x65,0x64,0x56,0x61,0x6c,0x75,  /* e>.     <namedValu */
    0x65,0x20,0x6e,0x61,0x6d,0x65,0x3d,0x22,0x50,0x68,0x72,0x4d,0x65,0x64,0x69,0x61,0x6c,0x22,  /* e name="PhrMedial" */
    0x3e,0x20,0x30,0x20,0x3c,0x2f,0x6e,0x61,0x6d,0x65,0x64,0x56,0x61,0x6c,0x75,0x65,0x3e,0x0a,  /* > 0 </namedValue>. */
    0x20,0x20,0x20,0x20,0x20,0x3c,0x6e,0x61,0x6d,0x65,0x64,0x56,0x61,0x6c,0x75,0x65,0x20,0x6e,  /*      <namedValue n */
    0x61,0x6d,0x65,0x3d,0x22,0x50,0x68,0x72,0x46,0x69,0x6e,0x61,0x6c,0x22,0x3e,0x20,0x30,0x20,  /* ame="PhrFinal"> 0  */
    0x3c,0x2f,0x6e,0x61,0x6d,0x65,0x64,0x56,0x61,0x6c,0x75,0x65,0x3e,0x0a,0x20,0x20,0x20,0x20,  /* </namedValue>.     */
    0x20,0x3c,0x6e,0x61,0x6d,0x65,0x64,0x56,0x61,0x6c,0x75,0x65,0x20,0x6e,0x61,0x6d,0x65,0x3d,  /*  <namedValue name= */
    0x22,0x50,0x68,0x72,0x53,0x69,0x6e,0x67,0x6c,0x65,0x22,0x3e,0x20,0x30,0x20,0x3c,0x2f,0x6e,  /* "PhrSingle"> 0 </n */
    0x61,0x6d,0x65,0x64,0x56,0x61,0x6c,0x75,0x65,0x3e,0x0a,0x20,0x20,0x20,0x20,0x20,0x3c,0x6e,  /* amedValue>.     <n */
    0x61,0x6d,0x65,0x64,0x56,0x61,0x6c,0x75,0x65,0x20,0x6e,0x61,0x6d,0x65,0x3d,0x22,0x53,0x65,  /* amedValue name="Se */
    0x6e,0x74,0x46,0x69,0x6e,0x61,0x6c,0x22,0x3e,0x20,0x30,0x20,0x3c,0x2f,0x6e,0x61,0x6d,0x65,  /* ntFinal"> 0 </name */
    0x64,0x56,0x61,0x6c,0x75,0x65,0x3e,0x0a,0x20,0x20,0x20,0x20,0x20,0x3c,0x6e,0x61,0x6d,0x65,  /* dValue>.     <name */
    0x64,0x56,0x61,0x6c,0x75,0x65,0x20,0x6e,0x61,0x6d,0x65,0x3d,0x22,0x57,0x6f,0x72,0x64,0x49,  /* dValue name="WordI */
    0x6e,0x69,0x74,0x22,0x3e,0x20,0x30,0x20,0x3c,0x2f,0x6e,0x61,0x6d,0x65,0x64,0x56,0x61,0x6c,  /* nit"> 0 </namedVal */
    0x75,0x65,0x3e,0x0a,0x20,0x20,0x20,0x20,0x20,0x3c,0x6e,0x61,0x6d,0x65,0x64,0x56,0x61,0x6c,  /* ue>.     <namedVal */
    0x75,0x65,0x20,0x6e,0x61,0x6d,0x65,0x3d,0x22,0x57,0x6f,0x72,0x64,0x4d,0x65,0x64,0x69,0x61,  /* ue name="WordMedia */
    0x6c,0x22,0x3e,0x20,0x30,0x20,0x3c,0x2f,0x6e,0x61,0x6d,0x65,0x64,0x56,0x61,0x6c,0x75,0x65,  /* l"> 0 </namedValue */
    0x3e,0x0a,0x20,0x20,0x20,0x20,0x20,0x3c,0x6e,0x61,0x6d,0x65,0x64,0x56,0x61,0x6c,0x75,0x65,  /* >.     <namedValue */
    0x20,0x6e,0x61,0x6d,0x65,0x3d,0x22,0x57,0x6f,0x72,0x64,0x46,0x69,0x6e,0x61,0x6c,0x22,0x3e,  /*  name="WordFinal"> */
    0x20,0x31,0x20,0x3c,0x2f,0x6e,0x61,0x6d,0x65,0x64,0x56,0x61,0x6c,0x75,0x65,0x3e,0x0a,0x20,  /*  1 </namedValue>.  */
    0x20,0x20,0x20,0x20,0x3c,0x6e,0x61,0x6d,0x65,0x64,0x56,0x61,0x6c,0x75,0x65,0x20,0x6e,0x61,  /*     <namedValue na */
    0x6d,0x65,0x3d,0x22,0x43,0x6f,0x6e,0x74,0x65,0x78,0x74,0x55,0x6e,0x6b,0x6e,0x6f,0x77,0x6e,  /* me="ContextUnknown */
    0x22,0x3e,0x20,0x31,0x30,0x30,0x20,0x3c,0x2f,0x6e,0x61,0x6d,0x65,0x64,0x56,0x61,0x6c,0x75,  /* "> 100 </namedValu */
    0x65,0x3e,0x0a,0x20,0x20,0x3c,0x2f,0x70,0x61,0x72,0x61,0x6d,0x3e,0x0a,0x0a,0x20,0x20,0x3c,  /* e>.  </param>..  < */
    0x70,0x61,0x72,0x61,0x6d,0x20,0x6e,0x61,0x6d,0x65,0x3d,0x22,0x74,0x74,0x73,0x2e,0x76,0x6f,  /* param name="tts.vo */
    0x69,0x63,0x65,0x43,0x66,0x67,0x2e,0x70,0x72,0x6f,0x73,0x63,0x6f,0x73,0x74,0x2e,0x73,0x79,  /* iceCfg.proscost.sy */
    0x6c,0x49,0x6e,0x50,0x68,0x72,0x61,0x73,0x65,0x43,0x6f,0x73,0x74,0x73,0x2e,0x57,0x6f,0x72,  /* lInPhraseCosts.Wor */
    0x64,0x4d,0x65,0x64,0x69,0x61,0x6c,0x22,0x3e,0x0a,0x20,0x20,0x20,0x20,0x20,0x3c,0x6e,0x61,  /* dMedial">.     <na */
    0x6d,0x65,0x64,0x56,0x61,0x6c,0x75,0x65,0x20,0x6e,0x61,0x6d,0x65,0x3d,0x22,0x55,0x4e,0x44,  /* medValue name="UND */
    0x45,0x46,0x22,0x3e,0x20,0x31,0x30,0x30,0x20,0x3c,0x2f,0x6e,0x61,0x6d,0x65,0x64,0x56,0x61,  /* EF"> 100 </namedVa */
    0x6c,0x75,0x65,0x3e,0x0a,0x20,0x20,0x20,0x20,0x20,0x3c,0x6e,0x61,0x6d,0x65,0x64,0x56,0x61,  /* lue>.     <namedVa */
    0x6c,0x75,0x65,0x20,0x6e,0x61,0x6d,0x65,0x3d,0x22,0x50,0x68,0x72,0x49,0x6e,0x69,0x74,0x69,  /* lue name="PhrIniti */
    0x61,0x6c,0x22,0x3e,0x20,0x30,0x20,0x3c,0x2f,0x6e,0x61,0x6d,0x65,0x64,0x56,0x61,0x6c,0x75,  /* al"> 0 </namedValu */
    0x65,0x3e,0x0a,0x20,0x20,0x20,0x20,0x20,0x3c,0x6e,0x61,0x6d,0x65,0x64,0x56,0x61,0x6c,0x75,  /* e>.     <namedValu */
    0x65,0x20,0x6e,0x61,0x6d,0x65,0x3d,0x22,0x50,0x68,0x72,0x4d,0x65,0x64,0x69,0x61,0x6c,0x22,  /* e name="PhrMedial" */
    0x3e,0x20,0x30,0x20,0x3c,0x2f,0x6e,0x61,0x6d,0x65,0x64,0x56,0x61,0x6c,0x75,0x65,0x3e,0x0a,  /* > 0 </namedValue>. */
    0x20,0x20,0x20,0x20,0x20,0x3c,0x6e,0x61,0x6d,0x65,0x64,0x56,0x61,0x6c,0x75,0x65,0x20,0x6e,  /*      <namedValue n */
    0x61,0x6d,0x65,0x3d,0x22,0x50,0x68,0x72,0x46,0x69,0x6e,0x61,0x6c,0x22,0x3e,0x20,0x30,0x20,  /* ame="PhrFinal"> 0  */
    0x3c,0x2f,0x6e,0x61,0x6d,0x65,0x64,0x56,0x61,0x6c,0x75,0x65,0x3e,0x0a,0x20,0x20,0x20,0x20,  /* </namedValue>.     */
    0x20,0x3c,0x6e,0x61,0x6d,0x65,0x64,0x56,0x61,0x6c,0x75,0x65,0x20,0x6e,0x61,0x6d,0x65,0x3d,  /*  <namedValue name= */
    0x22,0x50,0x68,0x72,0x53,0x69,0x6e,0x67,0x6c,0x65,0x22,0x3e,0x20,0x30,0x20,0x3c,0x2f,0x6e,  /* "PhrSingle"> 0 </n */
    0x61,0x6d,0x65,0x64,0x56,0x61,0x6c,0x75,0x65,0x3e,0x0a,0x20,0x20,0x20,0x20,0x20,0x3c,0x6e,  /* amedValue>.     <n */
    0x61,0x6d,0x65,0x64,0x56,0x61,0x6c,0x75,0x65,0x20,0x6e,0x61,0x6d,0x65,0x3d,0x22,0x53,0x65,  /* amedValue name="Se */
    0x6e,0x74,0x46,0x69,0x6e,0x61,0x6c,0x22,0x3e,0x20,0x30,0x20,0x3c,0x2f,0x6e,0x61,0x6d,0x65,  /* ntFinal"> 0 </name */
    0x64,0x56,0x61,0x6c,0x75,0x65,0x3e,0x0a,0x20,0x20,0x20,0x20,0x20,0x3c,0x6e,0x61,0x6d,0x65,  /* dValue>.     <name */
    0x64,0x56,0x61,0x6c,0x75,0x65,0x20,0x6e,0x61,0x6d,0x65,0x3d,0x22,0x57,0x6f,0x72,0x64,0x49,  /* dValue name="WordI */
    0x6e,0x69,0x74,0x22,0x3e,0x20,0x30,0x20,0x3c,0x2f,0x6e,0x61,0x6d,0x65,0x64,0x56,0x61,0x6c,  /* nit"> 0 </namedVal */
    0x75,0x65,0x3e,0x0a,0x20,0x20,0x20,0x20,0x20,0x3c,0x6e,0x61,0x6d,0x65,0x64,0x56,0x61,0x6c,  /* ue>.     <namedVal */
    0x75,0x65,0x20,0x6e,0x61,0x6d,0x65,0x3d,0x22,0x57,0x6f,0x72,0x64,0x4d,0x65,0x64,0x69,0x61,  /* ue name="WordMedia */
    0x6c,0x22,0x3e,0x20,0x30,0x20,0x3c,0x2f,0x6e,0x61,0x6d,0x65,0x64,0x56,0x61,0x6c,0x75,0x65,  /* l"> 0 </namedValue */
    0x3e,0x0a,0x20,0x20,0x20,0x20,0x20,0x3c,0x6e,0x61,0x6d,0x65,0x64,0x56,0x61,0x6c,0x75,0x65,  /* >.     <namedValue */
    0x20,0x6e,0x61,0x6d,0x65,0x3d,0x22,0x57,0x6f,0x72,0x64,0x46,0x69,0x6e,0x61,0x6c,0x22,0x3e,  /*  name="WordFinal"> */
    0x20,0x31,0x20,0x3c,0x2f,0x6e,0x61,0x6d,0x65,0x64,0x56,0x61,0x6c,0x75,0x65,0x3e,0x0a,0x20,  /*  1 </namedValue>.  */
    0x20,0x20,0x20,0x20,0x3c,0x6e,0x61,0x6d,0x65,0x64,0x56,0x61,0x6c,0x75,0x65,0x20,0x6e,0x61,  /*     <namedValue na */
    0x6d,0x65,0x3d,0x22,0x43,0x6f,0x6e,0x74,0x65,0x78,0x74,0x55,0x6e,0x6b,0x6e,0x6f,0x77,0x6e,  /* me="ContextUnknown */
    0x22,0x3e,0x20,0x31,0x30,0x30,0x20,0x3c,0x2f,0x6e,0x61,0x6d,0x65,0x64,0x56,0x61,0x6c,0x75,  /* "> 100 </namedValu */
    0x65,0x3e,0x0a,0x20,0x20,0x3c,0x2f,0x70,0x61,0x72,0x61,0x6d,0x3e,0x0a,0x0a,0x20,0x20,0x3c,  /* e>.  </param>..  < */
    0x70,0x61,0x72,0x61,0x6d,0x20,0x6e,0x61,0x6d,0x65,0x3d,0x22,0x74,0x74,0x73,0x2e,0x76,0x6f,  /* param name="tts.vo */
    0x69,0x63,0x65,0x43,0x66,0x67,0x2e,0x70,0x72,0x6f,0x73,0x63,0x6f,0x73,0x74,0x2e,0x73,0x79,  /* iceCfg.proscost.sy */
    0x6c,0x49,0x6e,0x57,0x6f,0x72,0x64,0x43,0x6f,0x73,0x74,0x73,0x2e,0x41,0x63,0x63,0x55,0x6e,  /* lInWordCosts.AccUn */
    0x6b,0x6e,0x6f,0x77,0x6e,0x22,0x3e,0x0a,0x20,0x20,0x20,0x20,0x20,0x3c,0x6e,0x61,0x6d,0x65,  /* known">.     <name */
    0x64,0x56,0x61,0x6c,0x75,0x65,0x20,0x6e,0x61,0x6d,0x65,0x3d,0x22,0x55,0x4e,0x44,0x45,0x46,  /* dValue name="UNDEF */
    0x22,0x3e,0x20,0x31,0x30,0x30,0x20,0x3c,0x2f,0x6e,0x61,0x6d,0x65,0x64,0x56,0x61,0x6c,0x75,  /* "> 100 </namedValu */
    0x65,0x3e,0x0a,0x20,0x20,0x20,0x20,0x20,0x3c,0x6e,0x61,0x6d,0x65,0x64,0x56,0x61,0x6c,0x75,  /* e>.     <namedValu */
    0x65,0x20,0x6e,0x61,0x6d,0x65,0x3d,0x22,0x4e,0x6f,0x41,0x63,0x63,0x65,0x6e,0x74,0x22,0x3e,  /* e name="NoAccent"> */
    0x20,0x30,0x20,0x3c,0x2f,0x6e,0x61,0x6d,0x65,0x64,0x56,0x61,0x6c,0x75,0x65,0x3e,0x0a,0x20,  /*  0 </namedValue>.  */
    0x20,0x20,0x20,0x20,0x3c,0x6e,0x61,0x6d,0x65,0x64,0x56,0x61,0x6c,0x75,0x65,0x20,0x6e,0x61,  /*     <namedValue na */
    0x6d,0x65,0x3d,0x22,0x42,0x65,0x66,0x6f,0x72,0x65,0x41,0x63,0x63,0x65,0x6e,0x74,0x22,0x3e,  /* me="BeforeAccent"> */
    0x20,0x30,0x20,0x3c,0x2f,0x6e,0x61,0x6d,0x65,0x64,0x56,0x61,0x6c,0x75,0x65,0x3e,0x0a,0x20,  /*  0 </namedValue>.  */
    0x20,0x20,0x20,0x20,0x3c,0x6e,0x61,0x6d,0x65,0x64,0x56,0x61,0x6c,0x75,0x65,0x20,0x6e,0x61,  /*     <namedValue na */
    0x6d,0x65,0x3d,0x22,0x4f,0x6e,0x41,0x63,0x63,0x65,0x6e,0x74,0x22,0x3e,0x20,0x30,0x20,0x3c,  /* me="OnAccent"> 0 < */
    0x2f,0x6e,0x61,0x6d,0x65,0x64,0x56,0x61,0x6c,0x75,0x65,0x3e,0x0a,0x20,0x20,0x20,0x20,0x20,  /* /namedValue>.      */
    0x3c,0x6e,0x61,0x6d,0x65,0x64,0x56,0x61,0x6c,0x75,0x65,0x20,0x6e,0x61,0x6d,0x65,0x3d,0x22,  /* <namedValue name=" */
    0x50,0x6f,0x73,0x74,0x41,0x63,0x63,0x65,0x6e,0x74,0x22,0x3e,0x20,0x30,0x20,0x3c,0x2f,0x6e,  /* PostAccent"> 0 </n */
    0x61,0x6d,0x65,0x64,0x56,0x61,0x6c,0x75,0x65,0x3e,0x0a,0x20,0x20,0x20,0x20,0x20,0x3c,0x6e,  /* amedValue>.     <n */
    0x61,0x6d,0x65,0x64,0x56,0x61,0x6c,0x75,0x65,0x20,0x6e,0x61,0x6d,0x65,0x3d,0x22,0x50,0x6f,  /* amedValue name="Po */
    0x73,0x74,0x50,0x6f,0x73,0x74,0x41,0x63,0x63,0x65,0x6e,0x74,0x22,0x3e,0x20,0x30,0x20,0x3c,  /* stPostAccent"> 0 < */
    0x2f,0x6e,0x61,0x6d,0x65,0x64,0x56,0x61,0x6c,0x75,0x65,0x3e,0x0a,0x20,0x20,0x20,0x20,0x20,  /* /namedValue>.      */
    0x3c,0x6e,0x61,0x6d,0x65,0x64,0x56,0x61,0x6c,0x75,0x65,0x20,0x6e,0x61,0x6d,0x65,0x3d,0x22,  /* <namedValue name=" */
    0x41,0x63,0x63,0x55,0x6e,0x6b,0x6e,0x6f,0x77,0x6e,0x22,0x3e,0x20,0x30,0x20,0x3c,0x2f,0x6e,  /* AccUnknown"> 0 </n */
    0x61,0x6d,0x65,0x64,0x56,0x61,0x6c,0x75,0x65,0x3e,0x0a,0x20,0x20,0x3c,0x2f,0x70,0x61,0x72,  /* amedValue>.  </par */
    0x61,0x6d,0x3e,0x0a,0x0a,0x20,0x20,0x3c,0x70,0x61,0x72,0x61,0x6d,0x20,0x6e,0x61,0x6d,0x65,  /* am>..  <param name */
    0x3d,0x22,0x74,0x74,0x73,0x2e,0x76,0x6f,0x69,0x63,0x65,0x43,0x66,0x67,0x2e,0x70,0x72,0x6f,  /* ="tts.voiceCfg.pro */
    0x73,0x63,0x6f,0x73,0x74,0x2e,0x73,0x79,0x6c,0x49,0x6e,0x57,0x6f,0x72,0x64,0x43,0x6f,0x73,  /* scost.sylInWordCos */
    0x74,0x73,0x2e,0x42,0x65,0x66,0x6f,0x72,0x65,0x41,0x63,0x63,0x65,0x6e,0x74,0x22,0x3e,0x0a,  /* ts.BeforeAccent">. */
    0x20,0x20,0x20,0x20,0x20,0x3c,0x6e,0x61,0x6d,0x65,0x64,0x56,0x61,0x6c,0x75,0x65,0x20,0x6e,  /*      <namedValue n */
    0x61,0x6d,0x65,0x3d,0x22,0x55,0x4e,0x44,0x45,0x46,0x22,0x3e,0x20,0x31,0x30,0x30,0x20,0x3c,  /* ame="UNDEF"> 100 < */
    0x2f,0x6e,0x61,0x6d,0x65,0x64,0x56,0x61,0x6c,0x75,0x65,0x3e,0x0a,0x20,0x20,0x20,0x20,0x20,  /* /namedValue>.      */
    0x3c,0x6e,0x61,0x6d,0x65,0x64,0x56,0x61,0x6c,0x75,0x65,0x20,0x6e,0x61,0x6d,0x65,0x3d,0x22,  /* <namedValue name=" */
    0x4e,0x6f,0x41,0x63,0x63,0x65,0x6e,0x74,0x22,0x3e,0x20,0x30,0x20,0x3c,0x2f,0x6e,0x61,0x6d,  /* NoAccent"> 0 </nam */
    0x65,0x64,0x56,0x61,0x6c,0x75,0x65,0x3e,0x0a,0x20,0x20,0x20,0x20,0x20,0x3c,0x6e,0x61,0x6d,  /* edValue>.     <nam */
    0x65,0x64,0x56,0x61,0x6c,0x75,0x65,0x20,0x6e,0x61,0x6d,0x65,0x3d,0x22,0x42,0x65,0x66,0x6f,  /* edValue name="Befo */
    0x72,0x65,0x41,0x63,0x63,0x65,0x6e,0x74,0x22,0x3e,0x20,0x30,0x20,0x3c,0x2f,0x6e,0x61,0x6d,  /* reAccent"> 0 </nam */
    0x65,0x64,0x56,0x61,0x6c,0x75,0x65,0x3e,0x0a,0x20,0x20,0x20,0x20,0x20,0x3c,0x6e,0x61,0x6d,  /* edValue>.     <nam */
    0x65,0x64,0x56,0x61,0x6c,0x75,0x65,0x20,0x6e,0x61,0x6d,0x65,0x3d,0x22,0x4f,0x6e,0x41,0x63,  /* edValue name="OnAc */
    0x63,0x65,0x6e,0x74,0x22,0x3e,0x20,0x30,0x20,0x3c,0x2f,0x6e,0x61,0x6d,0x65,0x64,0x56,0x61,  /* cent"> 0 </namedVa */
    0x6c,0x75,0x65,0x3e,0x0a,0x20,0x20,0x20,0x20,0x20,0x3c,0x6e,0x61,0x6d,0x65,0x64,0x56,0x61,  /* lue>.     <namedVa */
    0x6c,0x75,0x65,0x20,0x6e,0x61,0x6d,0x65,0x3d,0x22,0x50,0x6f,0x73,0x74,0x41,0x63,0x63,0x65,  /* lue name="PostAcce */
    0x6e,0x74,0x22,0x3e,0x20,0x30,0x20,0x3c,0x2f,0x6e,0x61,0x6d,0x65,0x64,0x56,0x61,0x6c,0x75,  /* nt"> 0 </namedValu */
    0x65,0x3e,0x0a,0x20,0x20,0x20,0x20,0x20,0x3c,0x6e,0x61,0x6d,0x65,0x64,0x56,0x61,0x6c,0x75,  /* e>.     <namedValu */
    0x65,0x20,0x6e,0x61,0x6d,0x65,0x3d,0x22,0x50,0x6f,0x73,0x74,0x50,0x6f,0x73,0x74,0x41,0x63,  /* e name="PostPostAc */
    0x63,0x65,0x6e,0x74,0x22,0x3e,0x20,0x30,0x20,0x3c,0x2f,0x6e,0x61,0x6d,0x65,0x64,0x56,0x61,  /* cent"> 0 </namedVa */
    0x6c,0x75,0x65,0x3e,0x0a,0x20,0x20,0x20,0x20,0x20,0x3c,0x6e,0x61,0x6d,0x65,0x64,0x56,0x61,  /* lue>.     <namedVa */
    0x6c,0x75,0x65,0x20,0x6e,0x61,0x6d,0x65,0x3d,0x22,0x41,0x63,0x63,0x55,0x6e,0x6b,0x6e,0x6f,  /* lue name="AccUnkno */
    0x77,0x6e,0x22,0x3e,0x20,0x38,0x20,0x3c,0x2f,0x6e,0x61,0x6d,0x65,0x64,0x56,0x61,0x6c,0x75,  /* wn"> 8 </namedValu */
    0x65,0x3e,0x0a,0x20,0x20,0x3c,0x2f,0x70,0x61,0x72,0x61,0x6d,0x3e,0x0a,0x0a,0x20,0x20,0x3c,  /* e>.  </param>..  < */
    0x70,0x61,0x72,0x61,0x6d,0x20,0x6e,0x61,0x6d,0x65,0x3d,0x22,0x74,0x74,0x73,0x2e,0x76,0x6f,  /* param name="tts.vo */
    0x69,0x63,0x65,0x43,0x66,0x67,0x2e,0x70,0x72,0x6f,0x73,0x63,0x6f,0x73,0x74,0x2e,0x73,0x79,  /* iceCfg.proscost.sy */
    0x6c,0x49,0x6e,0x57,0x6f,0x72,0x64,0x43,0x6f,0x73,0x74,0x73,0x2e,0x4e,0x6f,0x41,0x63,0x63,  /* lInWordCosts.NoAcc */
    0x65,0x6e,0x74,0x22,0x3e,0x0a,0x20,0x20,0x20,0x20,0x20,0x3c,0x6e,0x61,0x6d,0x65,0x64,0x56,  /* ent">.     <namedV */
    0x61,0x6c,0x75,0x65,0x20,0x6e,0x61,0x6d,0x65,0x3d,0x22,0x55,0x4e,0x44,0x45,0x46,0x22,0x3e,  /* alue name="UNDEF"> */
    0x20,0x31,0x30,0x30,0x20,0x3c,0x2f,0x6e,0x61,0x6d,0x65,0x64,0x56,0x61,0x6c,0x75,0x65,0x3e,  /*  100 </namedValue> */
    0x0a,0x20,0x20,0x20,0x20,0x20,0x3c,0x6e,0x61,0x6d,0x65,0x64,0x56,0x61,0x6c,0x75,0x65,0x20,  /* .     <namedValue  */
    0x6e,0x61,0x6d,0x65,0x3d,0x22,0x4e,0x6f,0x41,0x63,0x63,0x65,0x6e,0x74,0x22,0x3e,0x20,0x30,  /* name="NoAccent"> 0 */
    0x20,0x3c,0x2f,0x6e,0x61,0x6d,0x65,0x64,0x56,0x61,0x6c,0x75,0x65,0x3e,0x0a,0x20,0x20,0x20,  /*  </namedValue>.    */
    0x20,0x20,0x3c,0x6e,0x61,0x6d,0x65,0x64,0x56,0x61,0x6c,0x75,0x65,0x20,0x6e,0x61,0x6d,0x65,  /*   <namedValue name */
    0x3d,0x22,0x42,0x65,0x66,0x6f,0x72,0x65,0x41,0x63,0x63,0x65,0x6e,0x74,0x22,0x3e,0x20,0x30,  /* ="BeforeAccent"> 0 */
    0x20,0x3c,0x2f,0x6e,0x61,0x6d,0x65,0x64,0x56,0x61,0x6c,0x75,0x65,0x3e,0x0a,0x20,0x20,0x20,  /*  </namedValue>.    */
    0x20,0x20,0x3c,0x6e,0x61,0x6d,0x65,0x64,0x56,0x61,0x6c,0x75,0x65,0x20,0x6e,0x61,0x6d,0x65,  /*   <namedValue name */
    0x3d,0x22,0x4f,0x6e,0x41,0x63,0x63,0x65,0x6e,0x74,0x22,0x3e,0x20,0x30,0x20,0x3c,0x2f,0x6e,  /* ="OnAccent"> 0 </n */
    0x61,0x6d,0x65,0x64,0x56,0x61,0x6c,0x75,0x65,0x3e,0x0a,0x20,0x20,0x20,0x20,0x20,0x3c,0x6e,  /* amedValue>.     <n */
    0x61,0x6d,0x65,0x64,0x56,0x61,0x6c,0x75,0x65,0x20,0x6e,0x61,0x6d,0x65,0x3d,0x22,0x50,0x6f,  /* amedValue name="Po */
    0x73,0x74,0x41,0x63,0x63,0x65,0x6e,0x74,0x22,0x3e,0x20,0x30,0x20,0x3c,0x2f,0x6e,0x61,0x6d,  /* stAccent"> 0 </nam */
    0x65,0x64,0x56,0x61,0x6c,0x75,0x65,0x3e,0x0a,0x20,0x20,0x20,0x20,0x20,0x3c,0x6e,0x61,0x6d,  /* edValue>.     <nam */
    0x65,0x64,0x56,0x61,0x6c,0x75,0x65,0x20,0x6e,0x61,0x6d,0x65,0x3d,0x22,0x50,0x6f,0x73,0x74,  /* edValue name="Post */
    0x50,0x6f,0x73,0x74,0x41,0x63,0x63,0x65,0x6e,0x74,0x22,0x3e,0x20,0x30,0x20,0x3c,0x2f,0x6e,  /* PostAccent"> 0 </n */
    0x61,0x6d,0x65,0x64,0x56,0x61,0x6c,0x75,0x65,0x3e,0x0a,0x20,0x20,0x20,0x20,0x20,0x3c,0x6e,  /* amedValue>.     <n */
    0x61,0x6d,0x65,0x64,0x56,0x61,0x6c,0x75,0x65,0x20,0x6e,0x61,0x6d,0x65,0x3d,0x22,0x41,0x63,  /* amedValue name="Ac */
    0x63,0x55,0x6e,0x6b,0x6e,0x6f,0x77,0x6e,0x22,0x3e,0x20,0x38,0x20,0x3c,0x2f,0x6e,0x61,0x6d,  /* cUnknown"> 8 </nam */
    0x65,0x64,0x56,0x61,0x6c,0x75,0x65,0x3e,0x0a,0x20,0x20,0x3c,0x2f,0x70,0x61,0x72,0x61,0x6d,  /* edValue>.  </param */
    0x3e,0x0a,0x0a,0x20,0x20,0x3c,0x70,0x61,0x72,0x61,0x6d,0x20,0x6e,0x61,0x6d,0x65,0x3d,0x22,  /* >..  <param name=" */
    0x74,0x74,0x73,0x2e,0x76,0x6f,0x69,0x63,0x65,0x43,0x66,0x67,0x2e,0x70,0x72,0x6f,0x73,0x63,  /* tts.voiceCfg.prosc */
    0x6f,0x73,0x74,0x2e,0x73,0x79,0x6c,0x49,0x6e,0x57,0x6f,0x72,0x64,0x43,0x6f,0x73,0x74,0x73,  /* ost.sylInWordCosts */
    0x2e,0x4f,0x6e,0x41,0x63,0x63,0x65,0x6e,0x74,0x22,0x3e,0x0a,0x20,0x20,0x20,0x20,0x20,0x3c,  /* .OnAccent">.     < */
    0x6e,0x61,0x6d,0x65,0x64,0x56,0x61,0x6c,0x75,0x65,0x20,0x6e,0x61,0x6d,0x65,0x3d,0x22,0x55,  /* namedValue name="U */
    0x4e,0x44,0x45,0x46,0x22,0x3e,0x20,0x31,0x30,0x30,0x20,0x3c,0x2f,0x6e,0x61,0x6d,0x65,0x64,  /* NDEF"> 100 </named */
    0x56,0x61,0x6c,0x75,0x65,0x3e,0x0a,0x20,0x20,0x20,0x20,0x20,0x3c,0x6e,0x61,0x6d,0x65,0x64,  /* Value>.     <named */
    0x56,0x61,0x6c,0x75,0x65,0x20,0x6e,0x61,0x6d,0x65,0x3d,0x22,0x4e,0x6f,0x41,0x63,0x63,0x65,  /* Value name="NoAcce */
    0x6e,0x74,0x22,0x3e,0x20,0x30,0x20,0x3c,0x2f,0x6e,0x61,0x6d,0x65,0x64,0x56,0x61,0x6c,0x75,  /* nt"> 0 </namedValu */
    0x65,0x3e,0x0a,0x20,0x20,0x20,0x20,0x20,0x3c,0x6e,0x61,0x6d,0x65,0x64,0x56,0x61,0x6c,0x75,  /* e>.     <namedValu */
    0x65,0x20,0x6e,0x61,0x6d,0x65,0x3d,0x22,0x42,0x65,0x66,0x6f,0x72,0x65,0x41,0x63,0x63,0x65,  /* e name="BeforeAcce */
    0x6e,0x74,0x22,0x3e,0x20,0x30,0x20,0x3c,0x2f,0x6e,0x61,0x6d,0x65,0x64,0x56,0x61,0x6c,0x75,  /* nt"> 0 </namedValu */
    0x65,0x3e,0x0a,0x20,0x20,0x20,0x20,0x20,0x3c,0x6e,0x61,0x6d,0x65,0x64,0x56,0x61,0x6c,0x75,  /* e>.     <namedValu */
    0x65,0x20,0x6e,0x61,0x6d,0x65,0x3d,0x22,0x4f,0x6e,0x41,0x63,0x63,0x65,0x6e,0x74,0x22,0x3e,  /* e name="OnAccent"> */
    0x20,0x30,0x20,0x3c,0x2f,0x6e,0x61,0x6d,0x65,0x64,0x56,0x61,0x6c,0x75,0x65,0x3e,0x0a,0x20,  /*  0 </namedValue>.  */
    0x20,0x20,0x20,0x20,0x3c,0x6e,0x61,0x6d,0x65,0x64,0x56,0x61,0x6c,0x75,0x65,0x20,0x6e,0x61,  /*     <namedValue na */
    0x6d,0x65,0x3d,0x22,0x50,0x6f,0x73,0x74,0x41,0x63,0x63,0x65,0x6e,0x74,0x22,0x3e,0x20,0x30,  /* me="PostAccent"> 0 */
    0x20,0x3c,0x2f,0x6e,0x61,0x6d,0x65,0x64,0x56,0x61,0x6c,0x75,0x65,0x3e,0x0a,0x20,0x20,0x20,  /*  </namedValue>.    */
    0x20,0x20,0x3c,0x6e,0x61,0x6d,0x65,0x64,0x56,0x61,0x6c,0x75,0x65,0x20,0x6e,0x61,0x6d,0x65,  /*   <namedValue name */
    0x3d,0x22,0x50,0x6f,0x73,0x74,0x50,0x6f,0x73,0x74,0x41,0x63,0x63,0x65,0x6e,0x74,0x22,0x3e,  /* ="PostPostAccent"> */
    0x20,0x30,0x20,0x3c,0x2f,0x6e,0x61,0x6d,0x65,0x64,0x56,0x61,0x6c,0x75,0x65,0x3e,0x0a,0x20,  /*  0 </namedValue>.  */
    0x20,0x20,0x20,0x20,0x3c,0x6e,0x61,0x6d,0x65,0x64,0x56,0x61,0x6c,0x75,0x65,0x20,0x6e,0x61,  /*     <namedValue na */
    0x6d,0x65,0x3d,0x22,0x41,0x63,0x63,0x55,0x6e,0x6b,0x6e,0x6f,0x77,0x6e,0x22,0x3e,0x20,0x38,  /* me="AccUnknown"> 8 */
    0x20,0x3c,0x2f,0x6e,0x61,0x6d,0x65,0x64,0x56,0x61,0x6c,0x75,0x65,0x3e,0x0a,0x20,0x20,0x3c,  /*  </namedValue>.  < */
    0x2f,0x70,0x61,0x72,0x61,0x6d,0x3e,0x0a,0x0a,0x20,0x20,0x3c,0x70,0x61,0x72,0x61,0x6d,0x20,  /* /param>..  <param  */
    0x6e,0x61,0x6d,0x65,0x3d,0x22,0x74,0x74,0x73,0x2e,0x76,0x6f,0x69,0x63,0x65,0x43,0x66,0x67,  /* name="tts.voiceCfg */
    0x2e,0x70,0x72,0x6f,0x73,0x63,0x6f,0x73,0x74,0x2e,0x73,0x79,0x6c,0x49,0x6e,0x57,0x6f,0x72,  /* .proscost.sylInWor */
    0x64,0x43,0x6f,0x73,0x74,0x73,0x2e,0x50,0x6f,0x73,0x74,0x41,0x63,0x63,0x65,0x6e,0x74,0x22,  /* dCosts.PostAccent" */
    0x3e,0x0a,0x20,0x20,0x20,0x20,0x20,0x3c,0x6e,0x61,0x6d,0x65,0x64,0x56,0x61,0x6c,0x75,0x65,  /* >.     <namedValue */
    0x20,0x6e,0x61,0x6d,0x65,0x3d,0x22,0x55,0x4e,0x44,0x45,0x46,0x22,0x3e,0x20,0x31,0x30,0x30,  /*  name="UNDEF"> 100 */
    0x20,0x3c,0x2f,0x6e,0x61,0x6d,0x65,0x64,0x56,0x61,0x6c,0x75,0x65,0x3e,0x0a,0x20,0x20,0x20,  /*  </namedValue>.    */
    0x20,0x20,0x3c,0x6e,0x61,0x6d,0x65,0x64,0x56,0x61,0x6c,0x75,0x65,0x20,0x6e,0x61,0x6d,0x65,  /*   <namedValue name */
    0x3d,0x22,0x4e,0x6f,0x41,0x63,0x63,0x65,0x6e,0x74,0x22,0x3e,0x20,0x30,0x20,0x3c,0x2f,0x6e,  /* ="NoAccent"> 0 </n */
    0x61,0x6d,0x65,0x64,0x56,0x61,0x6c,0x75,0x65,0x3e,0x0a,0x20,0x20,0x20,0x20,0x20,0x3c,0x6e,  /* amedValue>.     <n */
    0x61,0x6d,0x65,0x64,0x56,0x61,0x6c,0x75,0x65,0x20,0x6e,0x61,0x6d,0x65,0x3d,0x22,0x42,0x65,  /* amedValue name="Be */
    0x66,0x6f,0x72,0x65,0x41,0x63,0x63,0x65,0x6e,0x74,0x22,0x3e,0x20,0x30,0x20,0x3c,0x2f,0x6e,  /* foreAccent"> 0 </n */
    0x61,0x6d,0x65,0x64,0x56,0x61,0x6c,0x75,0x65,0x3e,0x0a,0x20,0x20,0x20,0x20,0x20,0x3c,0x6e,  /* amedValue>.     <n */
    0x61,0x6d,0x65,0x64,0x56,0x61,0x6c,0x75,0x65,0x20,0x6e,0x61,0x6d,0x65,0x3d,0x22,0x4f,0x6e,  /* amedValue name="On */
    0x41,0x63,0x63,0x65,0x6e,0x74,0x22,0x3e,0x20,0x30,0x20,0x3c,0x2f,0x6e,0x61,0x6d,0x65,0x64,  /* Accent"> 0 </named */
    0x56,0x61,0x6c,0x75,0x65,0x3e,0x0a,0x20,0x20,0x20,0x20,0x20,0x3c,0x6e,0x61,0x6d,0x65,0x64,  /* Value>.     <named */
    0x56,0x61,0x6c,0x75,0x65,0x20,0x6e,0x61,0x6d,0x65,0x3d,0x22,0x50,0x6f,0x73,0x74,0x41,0x63,  /* Value name="PostAc */
    0x63,0x65,0x6e,0x74,0x22,0x3e,0x20,0x30,0x20,0x3c,0x2f,0x6e,0x61,0x6d,0x65,0x64,0x56,0x61,  /* cent"> 0 </namedVa */
    0x6c,0x75,0x65,0x3e,0x0a,0x20,0x20,0x20,0x20,0x20,0x3c,0x6e,0x61,0x6d,0x65,0x64,0x56,0x61,  /* lue>.     <namedVa */
    0x6c,0x75,0x65,0x20,0x6e,0x61,0x6d,0x65,0x3d,0x22,0x50,0x6f,0x73,0x74,0x50,0x6f,0x73,0x74,  /* lue name="PostPost */
    0x41,0x63,0x63,0x65,0x6e,0x74,0x22,0x3e,0x20,0x30,0x20,0x3c,0x2f,0x6e,0x61,0x6d,0x65,0x64,  /* Accent"> 0 </named */
    0x56,0x61,0x6c,0x75,0x65,0x3e,0x0a,0x20,0x20,0x20,0x20,0x20,0x3c,0x6e,0x61,0x6d,0x65,0x64,  /* Value>.     <named */
    0x56,0x61,0x6c,0x75,0x65,0x20,0x6e,0x61,0x6d,0x65,0x3d,0x22,0x41,0x63,0x63,0x55,0x6e,0x6b,  /* Value name="AccUnk */
    0x6e,0x6f,0x77,0x6e,0x22,0x3e,0x20,0x38,0x20,0x3c,0x2f,0x6e,0x61,0x6d,0x65,0x64,0x56,0x61,  /* nown"> 8 </namedVa */
    0x6c,0x75,0x65,0x3e,0x0a,0x20,0x20,0x3c,0x2f,0x70,0x61,0x72,0x61,0x6d,0x3e,0x0a,0x0a,0x20,  /* lue>.  </param>..  */
    0x20,0x3c,0x70,0x61,0x72,0x61,0x6d,0x20,0x6e,0x61,0x6d,0x65,0x3d,0x22,0x74,0x74,0x73,0x2e,  /*  <param name="tts. */
    0x76,0x6f,0x69,0x63,0x65,0x43,0x66,0x67,0x2e,0x70,0x72,0x6f,0x73,0x63,0x6f,0x73,0x74,0x2e,  /* voiceCfg.proscost. */
    0x73,0x79,0x6c,0x49,0x6e,0x57,0x6f,0x72,0x64,0x43,0x6f,0x73,0x74,0x73,0x2e,0x50,0x6f,0x73,  /* sylInWordCosts.Pos */
    0x74,0x50,0x6f,0x73,0x74,0x41,0x63,0x63,0x65,0x6e,0x74,0x22,0x3e,0x0a,0x20,0x20,0x20,0x20,  /* tPostAccent">.     */
    0x20,0x3c,0x6e,0x61,0x6d,0x65,0x64,0x56,0x61,0x6c,0x75,0x65,0x20,0x6e,0x61,0x6d,0x65,0x3d,  /*  <namedValue name= */
    0x22,0x55,0x4e,0x44,0x45,0x46,0x22,0x3e,0x20,0x31,0x30,0x30,0x20,0x3c,0x2f,0x6e,0x61,0x6d,  /* "UNDEF"> 100 </nam */
    0x65,0x64,0x56,0x61,0x6c,0x75,0x65,0x3e,0x0a,0x20,0x20,0x20,0x20,0x20,0x3c,0x6e,0x61,0x6d,  /* edValue>.     <nam */
    0x65,0x64,0x56,0x61,0x6c,0x75,0x65,0x20,0x6e,0x61,0x6d,0x65,0x3d,0x22,0x4e,0x6f,0x41,0x63,  /* edValue name="NoAc */
    0x63,0x65,0x6e,0x74,0x22,0x3e,0x20,0x30,0x20,0x3c,0x2f,0x6e,0x61,0x6d,0x65,0x64,0x56,0x61,  /* cent"> 0 </namedVa */
    0x6c,0x75,0x65,0x3e,0x0a,0x20,0x20,0x20,0x20,0x20,0x3c,0x6e,0x61,0x6d,0x65,0x64,0x56,0x61,  /* lue>.     <namedVa */
    0x6c,0x75,0x65,0x20,0x6e,0x61,0x6d,0x65,0x3d,0x22,0x42,0x65,0x66,0x6f,0x72,0x65,0x41,0x63,  /* lue name="BeforeAc */
    0x63,0x65,0x6e,0x74,0x22,0x3e,0x20,0x30,0x20,0x3c,0x2f,0x6e,0x61,0x6d,0x65,0x64,0x56,0x61,  /* cent"> 0 </namedVa */
    0x6c,0x75,0x65,0x3e,0x0a,0x20,0x20,0x20,0x20,0x20,0x3c,0x6e,0x61,0x6d,0x65,0x64,0x56,0x61,  /* lue>.     <namedVa */
    0x6c,0x75,0x65,0x20,0x6e,0x61,0x6d,0x65,0x3d,0x22,0x4f,0x6e,0x41,0x63,0x63,0x65,0x6e,0x74,  /* lue name="OnAccent */
    0x22,0x3e,0x20,0x30,0x20,0x3c,0x2f,0x6e,0x61,0x6d,0x65,0x64,0x56,0x61,0x6c,0x75,0x65,0x3e,  /* "> 0 </namedValue> */
    0x0a,0x20,0x20,0x20,0x20,0x20,0x3c,0x6e,0x61,0x6d,0x65,0x64,0x56,0x61,0x6c,0x75,0x65,0x20,  /* .     <namedValue  */
    0x6e,0x61,0x6d,0x65,0x3d,0x22,0x50,0x6f,0x73,0x74,0x41,0x63,0x63,0x65,0x6e,0x74,0x22,0x3e,  /* name="PostAccent"> */
    0x20,0x30,0x20,0x3c,0x2f,0x6e,0x61,0x6d,0x65,0x64,0x56,0x61,0x6c,0x75,0x65,0x3e,0x0a,0x20,  /*  0 </namedValue>.  */
    0x20,0x20,0x20,0x20,0x3c,0x6e,0x61,0x6d,0x65,0x64,0x56,0x61,0x6c,0x75,0x65,0x20,0x6e,0x61,  /*     <namedValue na */
    0x6d,0x65,0x3d,0x22,0x50,0x6f,0x73,0x74,0x50,0x6f,0x73,0x74,0x41,0x63,0x63,0x65,0x6e,0x74,  /* me="PostPostAccent */
    0x22,0x3e,0x20,0x30,0x20,0x3c,0x2f,0x6e,0x61,0x6d,0x65,0x64,0x56,0x61,0x6c,0x75,0x65,0x3e,  /* "> 0 </namedValue> */
    0x0a,0x20,0x20,0x20,0x20,0x20,0x3c,0x6e,0x61,0x6d,0x65,0x64,0x56,0x61,0x6c,0x75,0x65,0x20,  /* .     <namedValue  */
    0x6e,0x61,0x6d,0x65,0x3d,0x22,0x41,0x63,0x63,0x55,0x6e,0x6b,0x6e,0x6f,0x77,0x6e,0x22,0x3e,  /* name="AccUnknown"> */
    0x20,0x38,0x20,0x3c,0x2f,0x6e,0x61,0x6d,0x65,0x64,0x56,0x61,0x6c,0x75,0x65,0x3e,0x0a,0x20,  /*  8 </namedValue>.  */
    0x20,0x3c,0x2f,0x70,0x61,0x72,0x61,0x6d,0x3e,0x0a,0x0a,0x20,0x20,0x3c,0x70,0x61,0x72,0x61,  /*  </param>..  <para */
    0x6d,0x20,0x6e,0x61,0x6d,0x65,0x3d,0x22,0x74,0x74,0x73,0x2e,0x76,0x6f,0x69,0x63,0x65,0x43,  /* m name="tts.voiceC */
    0x66,0x67,0x2e,0x70,0x72,0x6f,0x73,0x63,0x6f,0x73,0x74,0x2e,0x73,0x79,0x6c,0x49,0x6e,0x57,  /* fg.proscost.sylInW */
    0x6f,0x72,0x64,0x43,0x6f,0x73,0x74,0x73,0x2e,0x55,0x4e,0x44,0x45,0x46,0x22,0x3e,0x0a,0x20,  /* ordCosts.UNDEF">.  */
    0x20,0x20,0x20,0x20,0x3c,0x6e,0x61,0x6d,0x65,0x64,0x56,0x61,0x6c,0x75,0x65,0x20,0x6e,0x61,  /*     <namedValue na */
    0x6d,0x65,0x3d,0x22,0x55,0x4e,0x44,0x45,0x46,0x22,0x3e,0x20,0x31,0x30,0x30,0x20,0x3c,0x2f,  /* me="UNDEF"> 100 </ */
    0x6e,0x61,0x6d,0x65,0x64,0x56,0x61,0x6c,0x75,0x65,0x3e,0x0a,0x20,0x20,0x20,0x20,0x20,0x3c,  /* namedValue>.     < */
    0x6e,0x61,0x6d,0x65,0x64,0x56,0x61,0x6c,0x75,0x65,0x20,0x6e,0x61,0x6d,0x65,0x3d,0x22,0x4e,  /* namedValue name="N */
    0x6f,0x41,0x63,0x63,0x65,0x6e,0x74,0x22,0x3e,0x20,0x30,0x20,0x3c,0x2f,0x6e,0x61,0x6d,0x65,  /* oAccent"> 0 </name */
    0x64,0x56,0x61,0x6c,0x75,0x65,0x3e,0x0a,0x20,0x20,0x20,0x20,0x20,0x3c,0x6e,0x61,0x6d,0x65,  /* dValue>.     <name */
    0x64,0x56,0x61,0x6c,0x75,0x65,0x20,0x6e,0x61,0x6d,0x65,0x3d,0x22,0x42,0x65,0x66,0x6f,0x72,  /* dValue name="Befor */
    0x65,0x41,0x63,0x63,0x65,0x6e,0x74,0x22,0x3e,0x20,0x30,0x20,0x3c,0x2f,0x6e,0x61,0x6d,0x65,  /* eAccent"> 0 </name */
    0x64,0x56,0x61,0x6c,0x75,0x65,0x3e,0x0a,0x20,0x20,0x20,0x20,0x20,0x3c,0x6e,0x61,0x6d,0x65,  /* dValue>.     <name */
    0x64,0x56,0x61,0x6c,0x75,0x65,0x20,0x6e,0x61,0x6d,0x65,0x3d,0x22,0x4f,0x6e,0x41,0x63,0x63,  /* dValue name="OnAcc */
    0x65,0x6e,0x74,0x22,0x3e,0x20,0x30,0x20,0x3c,0x2f,0x6e,0x61,0x6d,0x65,0x64,0x56,0x61,0x6c,  /* ent"> 0 </namedVal */
    0x75,0x65,0x3e,0x0a,0x20,0x20,0x20,0x20,0x20,0x3c,0x6e,0x61,0x6d,0x65,0x64,0x56,0x61,0x6c,  /* ue>.     <namedVal */
    0x75,0x65,0x20,0x6e,0x61,0x6d,0x65,0x3d,0x22,0x50,0x6f,0x73,0x74,0x41,0x63,0x63,0x65,0x6e,  /* ue name="PostAccen */
    0x74,0x22,0x3e,0x20,0x30,0x20,0x3c,0x2f,0x6e,0x61,0x6d,0x65,0x64,0x56,0x61,0x6c,0x75,0x65,  /* t"> 0 </namedValue */
    0x3e,0x0a,0x20,0x20,0x20,0x20,0x20,0x3c,0x6e,0x61,0x6d,0x65,0x64,0x56,0x61,0x6c,0x75,0x65,  /* >.     <namedValue */
    0x20,0x6e,0x61,0x6d,0x65,0x3d,0x22,0x50,0x6f,0x73,0x74,0x50,0x6f,0x73,0x74,0x41,0x63,0x63,  /*  name="PostPostAcc */
    0x65,0x6e,0x74,0x22,0x3e,0x20,0x30,0x20,0x3c,0x2f,0x6e,0x61,0x6d,0x65,0x64,0x56,0x61,0x6c,  /* ent"> 0 </namedVal */
    0x75,0x65,0x3e,0x0a,0x20,0x20,0x20,0x20,0x20,0x3c,0x6e,0x61,0x6d,0x65,0x64,0x56,0x61,0x6c,  /* ue>.     <namedVal */
    0x75,0x65,0x20,0x6e,0x61,0x6d,0x65,0x3d,0x22,0x41,0x63,0x63,0x55,0x6e,0x6b,0x6e,0x6f,0x77,  /* ue name="AccUnknow */
    0x6e,0x22,0x3e,0x20,0x30,0x20,0x3c,0x2f,0x6e,0x61,0x6d,0x65,0x64,0x56,0x61,0x6c,0x75,0x65,  /* n"> 0 </namedValue */
    0x3e,0x0a,0x20,0x20,0x3c,0x2f,0x70,0x61,0x72,0x61,0x6d,0x3e,0x0a,0x0a,0x20,0x20,0x3c,0x70,  /* >.  </param>..  <p */
    0x61,0x72,0x61,0x6d,0x20,0x6e,0x61,0x6d,0x65,0x3d,0x22,0x74,0x74,0x73,0x2e,0x76,0x6f,0x69,  /* aram name="tts.voi */
    0x63,0x65,0x43,0x66,0x67,0x2e,0x70,0x72,0x6f,0x73,0x63,0x6f,0x73,0x74,0x2e,0x73,0x79,0x6c,  /* ceCfg.proscost.syl */
    0x54,0x79,0x70,0x65,0x43,0x6f,0x73,0x74,0x73,0x2e,0x46,0x69,0x72,0x73,0x74,0x50,0x41,0x22,  /* TypeCosts.FirstPA" */
    0x3e,0x0a,0x20,0x20,0x20,0x20,0x20,0x3c,0x6e,0x61,0x6d,0x65,0x64,0x56,0x61,0x6c,0x75,0x65,  /* >.     <namedValue */
    0x20,0x6e,0x61,0x6d,0x65,0x3d,0x22,0x55,0x4e,0x44,0x45,0x46,0x22,0x3e,0x20,0x31,0x30,0x30,  /*  name="UNDEF"> 100 */
    0x20,0x3c,0x2f,0x6e,0x61,0x6d,0x65,0x64,0x56,0x61,0x6c,0x75,0x65,0x3e,0x0a,0x20,0x20,0x20,  /*  </namedValue>.    */
    0x20,0x20,0x3c,0x6e,0x61,0x6d,0x65,0x64,0x56,0x61,0x6c,0x75,0x65,0x20,0x6e,0x61,0x6d,0x65,  /*   <namedValue name */
    0x3d,0x22,0x55,0x6e,0x73,0x74,0x72,0x65,0x73,0x73,0x65,0x64,0x22,0x3e,0x20,0x30,0x2e,0x36,  /* ="Unstressed"> 0.6 */
    0x20,0x3c,0x2f,0x6e,0x61,0x6d,0x65,0x64,0x56,0x61,0x6c,0x75,0x65,0x3e,0x0a,0x20,0x20,0x20,  /*  </namedValue>.    */
    0x20,0x20,0x3c,0x6e,0x61,0x6d,0x65,0x64,0x56,0x61,0x6c,0x75,0x65,0x20,0x6e,0x61,0x6d,0x65,  /*   <namedValue name */
    0x3d,0x22,0x53,0x74,0x72,0x65,0x73,0x73,0x65,0x64,0x22,0x3e,0x20,0x30,0x2e,0x33,0x20,0x3c,  /* ="Stressed"> 0.3 < */
    0x2f,0x6e,0x61,0x6d,0x65,0x64,0x56,0x61,0x6c,0x75,0x65,0x3e,0x0a,0x20,0x20,0x20,0x20,0x20,  /* /namedValue>.      */
    0x3c,0x6e,0x61,0x6d,0x65,0x64,0x56,0x61,0x6c,0x75,0x65,0x20,0x6e,0x61,0x6d,0x65,0x3d,0x22,  /* <namedValue name=" */
    0x50,0x41,0x22,0x3e,0x20,0x30,0x2e,0x31,0x20,0x3c,0x2f,0x6e,0x61,0x6d,0x65,0x64,0x56,0x61,  /* PA"> 0.1 </namedVa */
    0x6c,0x75,0x65,0x3e,0x0a,0x20,0x20,0x20,0x20,0x20,0x3c,0x6e,0x61,0x6d,0x65,0x64,0x56,0x61,  /* lue>.     <namedVa */
    0x6c,0x75,0x65,0x20,0x6e,0x61,0x6d,0x65,0x3d,0x22,0x46,0x69,0x72,0x73,0x74,0x50,0x41,0x22,  /* lue name="FirstPA" */
    0x3e,0x20,0x30,0x20,0x3c,0x2f,0x6e,0x61,0x6d,0x65,0x64,0x56,0x61,0x6c,0x75,0x65,0x3e,0x0a,  /* > 0 </namedValue>. */
    0x20,0x20,0x20,0x20,0x20,0x3c,0x6e,0x61,0x6d,0x65,0x64,0x56,0x61,0x6c,0x75,0x65,0x20,0x6e,  /*      <namedValue n */
    0x61,0x6d,0x65,0x3d,0x22,0x46,0x69,0x72,0x73,0x74,0x50,0x41,0x49,0x6e,0x50,0x68,0x72,0x61,  /* ame="FirstPAInPhra */
    0x73,0x65,0x22,0x3e,0x20,0x30,0x20,0x3c,0x2f,0x6e,0x61,0x6d,0x65,0x64,0x56,0x61,0x6c,0x75,  /* se"> 0 </namedValu */
    0x65,0x3e,0x0a,0x20,0x20,0x20,0x20,0x20,0x3c,0x6e,0x61,0x6d,0x65,0x64,0x56,0x61,0x6c,0x75,  /* e>.     <namedValu */
    0x65,0x20,0x6e,0x61,0x6d,0x65,0x3d,0x22,0x4c,0x61,0x73,0x74,0x50,0x41,0x49,0x6e,0x50,0x68,  /* e name="LastPAInPh */
    0x72,0x61,0x73,0x65,0x22,0x3e,0x20,0x30,0x2e,0x33,0x20,0x3c,0x2f,0x6e,0x61,0x6d,0x65,0x64,  /* rase"> 0.3 </named */
    0x56,0x61,0x6c,0x75,0x65,0x3e,0x0a,0x20,0x20,0x20,0x20,0x20,0x3c,0x6e,0x61,0x6d,0x65,0x64,  /* Value>.     <named */
    0x56,0x61,0x6c,0x75,0x65,0x20,0x6e,0x61,0x6d,0x65,0x3d,0x22,0x4c,0x61,0x73,0x74,0x50,0x41,  /* Value name="LastPA */
    0x49,0x6e,0x53,0x65,0x6e,0x74,0x22,0x3e,0x20,0x30,0x2e,0x33,0x20,0x3c,0x2f,0x6e,0x61,0x6d,  /* InSent"> 0.3 </nam */
    0x65,0x64,0x56,0x61,0x6c,0x75,0x65,0x3e,0x0a,0x20,0x20,0x20,0x20,0x20,0x3c,0x6e,0x61,0x6d,  /* edValue>.     <nam */
    0x65,0x64,0x56,0x61,0x6c,0x75,0x65,0x20,0x6e,0x61,0x6d,0x65,0x3d,0x22,0x53,0x79,0x6c,0x55,  /* edValue name="SylU */
    0x6e,0x6b,0x6e,0x6f,0x77,0x6e,0x22,0x3e,0x20,0x31,0x30,0x30,0x20,0x3c,0x2f,0x6e,0x61,0x6d,  /* nknown"> 100 </nam */
    0x65,0x64,0x56,0x61,0x6c,0x75,0x65,0x3e,0x0a,0x20,0x20,0x3c,0x2f,0x70,0x61,0x72,0x61,0x6d,  /* edValue>.  </param */
    0x3e,0x0a,0x0a,0x20,0x20,0x3c,0x70,0x61,0x72,0x61,0x6d,0x20,0x6e,0x61,0x6d,0x65,0x3d,0x22,  /* >..  <param name=" */
    0x74,0x74,0x73,0x2e,0x76,0x6f,0x69,0x63,0x65,0x43,0x66,0x67,0x2e,0x70,0x72,0x6f,0x73,0x63,  /* tts.voiceCfg.prosc */
    0x6f,0x73,0x74,0x2e,0x73,0x79,0x6c,0x54,0x79,0x70,0x65,0x43,0x6f,0x73,0x74,0x73,0x2e,0x46,  /* ost.sylTypeCosts.F */
    0x69,0x72,0x73,0x74,0x50,0x41,0x49,0x6e,0x50,0x68,0x72,0x61,0x73,0x65,0x22,0x3e,0x0a,0x20,  /* irstPAInPhrase">.  */
    0x20,0x20,0x20,0x20,0x3c,0x6e,0x61,0x6d,0x65,0x64,0x56,0x61,0x6c,0x75,0x65,0x20,0x6e,0x61,  /*     <namedValue na */
    0x6d,0x65,0x3d,0x22,0x55,0x4e,0x44,0x45,0x46,0x22,0x3e,0x20,0x31,0x30,0x30,0x20,0x3c,0x2f,  /* me="UNDEF"> 100 </ */
    0x6e,0x61,0x6d,0x65,0x64,0x56,0x61,0x6c,0x75,0x65,0x3e,0x0a,0x20,0x20,0x20,0x20,0x20,0x3c,  /* namedValue>.     < */
    0x6e,0x61,0x6d,0x65,0x64,0x56,0x61,0x6c,0x75,0x65,0x20,0x6e,0x61,0x6d,0x65,0x3d,0x22,0x55,  /* namedValue name="U */
    0x6e,0x73,0x74,0x72,0x65,0x73,0x73,0x65,0x64,0x22,0x3e,0x20,0x30,0x2e,0x36,0x20,0x3c,0x2f,  /* nstressed"> 0.6 </ */
    0x6e,0x61,0x6d,0x65,0x64,0x56,0x61,0x6c,0x75,0x65,0x3e,0x0a,0x20,0x20,0x20,0x20,0x20,0x3c,  /* namedValue>.     < */
    0x6e,0x61,0x6d,0x65,0x64,0x56,0x61,0x6c,0x75,0x65,0x20,0x6e,0x61,0x6d,0x65,0x3d,0x22,0x53,  /* namedValue name="S */
    0x74,0x72,0x65,0x73,0x73,0x65,0x64,0x22,0x3e,0x20,0x30,0x2e,0x33,0x20,0x3c,0x2f,0x6e,0x61,  /* tressed"> 0.3 </na */
    0x6d,0x65,0x64,0x56,0x61,0x6c,0x75,0x65,0x3e,0x0a,0x20,0x20,0x20,0x20,0x20,0x3c,0x6e,0x61,  /* medValue>.     <na */
    0x6d,0x65,0x64,0x56,0x61,0x6c,0x75,0x65,0x20,0x6e,0x61,0x6d,0x65,0x3d,0x22,0x50,0x41,0x22,  /* medValue name="PA" */
    0x3e,0x20,0x30,0x2e,0x31,0x20,0x3c,0x2f,0x6e,0x61,0x6d,0x65,0x64,0x56,0x61,0x6c,0x75,0x65,  /* > 0.1 </namedValue */
    0x3e,0x0a,0x20,0x20,0x20,0x20,0x20,0x3c,0x6e,0x61,0x6d,0x65,0x64,0x56,0x61,0x6c,0x75,0x65,  /* >.     <namedValue */
    0x20,0x6e,0x61,0x6d,0x65,0x3d,0x22,0x46,0x69,0x72,0x73,0x74,0x50,0x41,0x22,0x3e,0x20,0x30,  /*  name="FirstPA"> 0 */
    0x20,0x3c,0x2f,0x6e,0x61,0x6d,0x65,0x64,0x56,0x61,0x6c,0x75,0x65,0x3e,0x0a,0x20,0x20,0x20,  /*  </namedValue>.    */
    0x20,0x20,0x3c,0x6e,0x61,0x6d,0x65,0x64,0x56,0x61,0x6c,0x75,0x65,0x20,0x6e,0x61,0x6d,0x65,  /*   <namedValue name */
    0x3d,0x22,0x46,0x69,0x72,0x73,0x74,0x50,0x41,0x49,0x6e,0x50,0x68,0x72,0x61,0x73,0x65,0x22,  /* ="FirstPAInPhrase" */
    0x3e,0x20,0x30,0x20,0x3c,0x2f,0x6e,0x61,0x6d,0x65,0x64,0x56,0x61,0x6c,0x75,0x65,0x3e,0x0a,  /* > 0 </namedValue>. */
    0x20,0x20,0x20,0x20,0x20,0x3c,0x6e,0x61,0x6d,0x65,0x64,0x56,0x61,0x6c,0x75,0x65,0x20,0x6e,  /*      <namedValue n */
    0x61,0x6d,0x65,0x3d,0x22,0x4c,0x61,0x73,0x74,0x50,0x41,0x49,0x6e,0x50,0x68,0x72,0x61,0x73,  /* ame="LastPAInPhras */
    0x65,0x22,0x3e,0x20,0x30,0x2e,0x33,0x20,0x3c,0x2f,0x6e,0x61,0x6d,0x65,0x64,0x56,0x61,0x6c,  /* e"> 0.3 </namedVal */
    0x75,0x65,0x3e,0x0a,0x20,0x20,0x20,0x20,0x20,0x3c,0x6e,0x61,0x6d,0x65,0x64,0x56,0x61,0x6c,  /* ue>.     <namedVal */
    0x75,0x65,0x20,0x6e,0x61,0x6d,0x65,0x3d,0x22,0x4c,0x61,0x73,0x74,0x50,0x41,0x49,0x6e,0x53,  /* ue name="LastPAInS */
    0x65,0x6e,0x74,0x22,0x3e,0x20,0x30,0x2e,0x33,0x20,0x3c,0x2f,0x6e,0x61,0x6d,0x65,0x64,0x56,  /* ent"> 0.3 </namedV */
    0x61,0x6c,0x75,0x65,0x3e,0x0a,0x20,0x20,0x20,0x20,0x20,0x3c,0x6e,0x61,0x6d,0x65,0x64,0x56,  /* alue>.     <namedV */
    0x61,0x6c,0x75,0x65,0x20,0x6e,0x61,0x6d,0x65,0x3d,0x22,0x53,0x79,0x6c,0x55,0x6e,0x6b,0x6e,  /* alue name="SylUnkn */
    0x6f,0x77,0x6e,0x22,0x3e,0x20,0x31,0x30,0x30,0x20,0x3c,0x2f,0x6e,0x61,0x6d,0x65,0x64,0x56,  /* own"> 100 </namedV */
    0x61,0x6c,0x75,0x65,0x3e,0x0a,0x20,0x20,0x3c,0x2f,0x70,0x61,0x72,0x61,0x6d,0x3e,0x0a,0x0a,  /* alue>.  </param>.. */
    0x20,0x20,0x3c,0x70,0x61,0x72,0x61,0x6d,0x20,0x6e,0x61,0x6d,0x65,0x3d,0x22,0x74,0x74,0x73,  /*   <param name="tts */
    0x2e,0x76,0x6f,0x69,0x63,0x65,0x43,0x66,0x67,0x2e,0x70,0x72,0x6f,0x73,0x63,0x6f,0x73,0x74,  /* .voiceCfg.proscost */
    0x2e,0x73,0x79,0x6c,0x54,0x79,0x70,0x65,0x43,0x6f,0x73,0x74,0x73,0x2e,0x4c,0x61,0x73,0x74,  /* .sylTypeCosts.Last */
    0x50,0x41,0x49,0x6e,0x50,0x68,0x72,0x61,0x73,0x65,0x22,0x3e,0x0a,0x20,0x20,0x20,0x20,0x20,  /* PAInPhrase">.      */
    0x3c,0x6e,0x61,0x6d,0x65,0x64,0x56,0x61,0x6c,0x75,0x65,0x20,0x6e,0x61,0x6d,0x65,0x3d,0x22,  /* <namedValue name=" */
    0x55,0x4e,0x44,0x45,0x46,0x22,0x3e,0x20,0x31,0x30,0x30,0x20,0x3c,0x2f,0x6e,0x61,0x6d,0x65,  /* UNDEF"> 100 </name */
    0x64,0x56,0x61,0x6c,0x75,0x65,0x3e,0x0a,0x20,0x20,0x20,0x20,0x20,0x3c,0x6e,0x61,0x6d,0x65,  /* dValue>.     <name */
    0x64,0x56,0x61,0x6c,0x75,0x65,0x20,0x6e,0x61,0x6d,0x65,0x3d,0x22,0x55,0x6e,0x73,0x74,0x72,  /* dValue name="Unstr */
    0x65,0x73,0x73,0x65,0x64,0x22,0x3e,0x20,0x30,0x2e,0x31,0x20,0x3c,0x2f,0x6e,0x61,0x6d,0x65,  /* essed"> 0.1 </name */
    0x64,0x56,0x61,0x6c,0x75,0x65,0x3e,0x0a,0x20,0x20,0x20,0x20,0x20,0x3c,0x6e,0x61,0x6d,0x65,  /* dValue>.     <name */
    0x64,0x56,0x61,0x6c,0x75,0x65,0x20,0x6e,0x61,0x6d,0x65,0x3d,0x22,0x53,0x74,0x72,0x65,0x73,  /* dValue name="Stres */
    0x73,0x65,0x64,0x22,0x3e,0x20,0x30,0x2e,0x32,0x20,0x3c,0x2f,0x6e,0x61,0x6d,0x65,0x64,0x56,  /* sed"> 0.2 </namedV */
    0x61,0x6c,0x75,0x65,0x3e,0x0a,0x20,0x20,0x20,0x20,0x20,0x3c,0x6e,0x61,0x6d,0x65,0x64,0x56,  /* alue>.     <namedV */
    0x61,0x6c,0x75,0x65,0x20,0x6e,0x61,0x6d,0x65,0x3d,0x22,0x50,0x41,0x22,0x3e,0x20,0x30,0x2e,  /* alue name="PA"> 0. */
    0x32,0x20,0x3c,0x2f,0x6e,0x61,0x6d,0x65,0x64,0x56,0x61,0x6c,0x75,0x65,0x3e,0x0a,0x20,0x20,  /* 2 </namedValue>.   */
    0x20,0x20,0x20,0x3c,0x6e,0x61,0x6d,0x65,0x64,0x56,0x61,0x6c,0x75,0x65,0x20,0x6e,0x61,0x6d,  /*    <namedValue nam */
    0x65,0x3d,0x22,0x46,0x69,0x72,0x73,0x74,0x50,0x41,0x22,0x3e,0x20,0x31,0x20,0x3c,0x2f,0x6e,  /* e="FirstPA"> 1 </n */
    0x61,0x6d,0x65,0x64,0x56,0x61,0x6c,0x75,0x65,0x3e,0x0a,0x20,0x20,0x20,0x20,0x20,0x3c,0x6e,  /* amedValue>.     <n */
    0x61,0x6d,0x65,0x64,0x56,0x61,0x6c,0x75,0x65,0x20,0x6e,0x61,0x6d,0x65,0x3d,0x22,0x46,0x69,  /* amedValue name="Fi */
    0x72,0x73,0x74,0x50,0x41,0x49,0x6e,0x50,0x68,0x72,0x61,0x73,0x65,0x22,0x3e,0x20,0x31,0x20,  /* rstPAInPhrase"> 1  */
    0x3c,0x2f,0x6e,0x61,0x6d,0x65,0x64,0x56,0x61,0x6c,0x75,0x65,0x3e,0x0a,0x20,0x20,0x20,0x20,  /* </namedValue>.     */
    0x20,0x3c,0x6e,0x61,0x6d,0x65,0x64,0x56,0x61,0x6c,0x75,0x65,0x20,0x6e,0x61,0x6d,0x65,0x3d,  /*  <namedValue name= */
    0x22,0x4c,0x61,0x73,0x74,0x50,0x41,0x49,0x6e,0x50,0x68,0x72,0x61,0x73,0x65,0x22,0x3e,0x20,  /* "LastPAInPhrase">  */
    0x30,0x20,0x3c,0x2f,0x6e,0x61,0x6d,0x65,0x64,0x56,0x61,0x6c,0x75,0x65,0x3e,0x0a,0x20,0x20,  /* 0 </namedValue>.   */
    0x20,0x20,0x20,0x3c,0x6e,0x61,0x6d,0x65,0x64,0x56,0x61,0x6c,0x75,0x65,0x20,0x6e,0x61,0x6d,  /*    <namedValue nam */
    0x65,0x3d,0x22,0x4c,0x61,0x73,0x74,0x50,0x41,0x49,0x6e,0x53,0x65,0x6e,0x74,0x22,0x3e,0x20,  /* e="LastPAInSent">  */
    0x30,0x20,0x3c,0x2f,0x6e,0x61,0x6d,0x65,0x64,0x56,0x61,0x6c,0x75,0x65,0x3e,0x0a,0x20,0x20,  /* 0 </namedValue>.   */
    0x20,0x20,0x20,0x3c,0x6e,0x61,0x6d,0x65,0x64,0x56,0x61,0x6c,0x75,0x65,0x20,0x6e,0x61,0x6d,  /*    <namedValue nam */
    0x65,0x3d,0x22,0x53,0x79,0x6c,0x55,0x6e,0x6b,0x6e,0x6f,0x77,0x6e,0x22,0x3e,0x20,0x31,0x30,  /* e="SylUnknown"> 10 */
    0x30,0x20,0x3c,0x2f,0x6e,0x61,0x6d,0x65,0x64,0x56,0x61,0x6c,0x75,0x65,0x3e,0x0a,0x20,0x20,  /* 0 </namedValue>.   */
    0x3c,0x2f,0x70,0x61,0x72,0x61,0x6d,0x3e,0x0a,0x0a,0x20,0x20,0x3c,0x70,0x61,0x72,0x61,0x6d,  /* </param>..  <param */
    0x20,0x6e,0x61,0x6d,0x65,0x3d,0x22,0x74,0x74,0x73,0x2e,0x76,0x6f,0x69,0x63,0x65,0x43,0x66,  /*  name="tts.voiceCf */
    0x67,0x2e,0x70,0x72,0x6f,0x73,0x63,0x6f,0x73,0x74,0x2e,0x73,0x79,0x6c,0x54,0x79,0x70,0x65,  /* g.proscost.sylType */
    0x43,0x6f,0x73,0x74,0x73,0x2e,0x4c,0x61,0x73,0x74,0x50,0x41,0x49,0x6e,0x53,0x65,0x6e,0x74,  /* Costs.LastPAInSent */
    0x22,0x3e,0x0a,0x20,0x20,0x20,0x20,0x20,0x3c,0x6e,0x61,0x6d,0x65,0x64,0x56,0x61,0x6c,0x75,  /* ">.     <namedValu */
    0x65,0x20,0x6e,0x61,0x6d,0x65,0x3d,0x22,0x55,0x4e,0x44,0x45,0x46,0x22,0x3e,0x20,0x31,0x30,  /* e name="UNDEF"> 10 */
    0x30,0x20,0x3c,0x2f,0x6e,0x61,0x6d,0x65,0x64,0x56,0x61,0x6c,0x75,0x65,0x3e,0x0a,0x20,0x20,  /* 0 </namedValue>.   */
    0x20,0x20,0x20,0x3c,0x6e,0x61,0x6d,0x65,0x64,0x56,0x61,0x6c,0x75,0x65,0x20,0x6e,0x61,0x6d,  /*    <namedValue nam */
    0x65,0x3d,0x22,0x55,0x6e,0x73,0x74,0x72,0x65,0x73,0x73,0x65,0x64,0x22,0x3e,0x20,0x30,0x2e,  /* e="Unstressed"> 0. */
    0x36,0x20,0x3c,0x2f,0x6e,0x61,0x6d,0x65,0x64,0x56,0x61,0x6c,0x75,0x65,0x3e,0x0a,0x20,0x20,  /* 6 </namedValue>.   */
    0x20,0x20,0x20,0x3c,0x6e,0x61,0x6d,0x65,0x64,0x56,0x61,0x6c,0x75,0x65,0x20,0x6e,0x61,0x6d,  /*    <namedValue nam */
    0x65,0x3d,0x22,0x53,0x74,0x72,0x65,0x73,0x73,0x65,0x64,0x22,0x3e,0x20,0x30,0x2e,0x36,0x20,  /* e="Stressed"> 0.6  */
    0x3c,0x2f,0x6e,0x61,0x6d,0x65,0x64,0x56,0x61,0x6c,0x75,0x65,0x3e,0x0a,0x20,0x20,0x20,0x20,  /* </namedValue>.     */
    0x20,0x3c,0x6e,0x61,0x6d,0x65,0x64,0x56,0x61,0x6c,0x75,0x65,0x20,0x6e,0x61,0x6d,0x65,0x3d,  /*  <namedValue name= */
    0x22,0x50,0x41,0x22,0x3e,0x20,0x30,0x2e,0x36,0x20,0x3c,0x2f,0x6e,0x61,0x6d,0x65,0x64,0x56,  /* "PA"> 0.6 </namedV */
    0x61,0x6c,0x75,0x65,0x3e,0x0a,0x20,0x20,0x20,0x20,0x20,0x3c,0x6e,0x61,0x6d,0x65,0x64,0x56,  /* alue>.     <namedV */
    0x61,0x6c,0x75,0x65,0x20,0x6e,0x61,0x6d,0x65,0x3d,0x22,0x46,0x69,0x72,0x73,0x74,0x50,0x41,  /* alue name="FirstPA */
    0x22,0x3e,0x20,0x31,0x20,0x3c,0x2f,0x6e,0x61,0x6d,0x65,0x64,0x56,0x61,0x6c,0x75,0x65,0x3e,  /* "> 1 </namedValue> */
    0x0a,0x20,0x20,0x20,0x20,0x20,0x3c,0x6e,0x61,0x6d,0x65,0x64,0x56,0x61,0x6c,0x75,0x65,0x20,  /* .     <namedValue  */
    0x6e,0x61,0x6d,0x65,0x3d,0x22,0x46,0x69,0x72,0x73,0x74,0x50,0x41,0x49,0x6e,0x50,0x68,0x72,  /* name="FirstPAInPhr */
    0x61,0x73,0x65,0x22,0x3e,0x20,0x31,0x20,0x3c,0x2f,0x6e,0x61,0x6d,0x65,0x64,0x56,0x61,0x6c,  /* ase"> 1 </namedVal */
    0x75,0x65,0x3e,0x0a,0x20,0x20,0x20,0x20,0x20,0x3c,0x6e,0x61,0x6d,0x65,0x64,0x56,0x61,0x6c,  /* ue>.     <namedVal */
    0x75,0x65,0x20,0x6e,0x61,0x6d,0x65,0x3d,0x22,0x4c,0x61,0x73,0x74,0x50,0x41,0x49,0x6e,0x50,  /* ue name="LastPAInP */
    0x68,0x72,0x61,0x73,0x65,0x22,0x3e,0x20,0x30,0x2e,0x33,0x20,0x3c,0x2f,0x6e,0x61,0x6d,0x65,  /* hrase"> 0.3 </name */
    0x64,0x56,0x61,0x6c,0x75,0x65,0x3e,0x0a,0x20,0x20,0x20,0x20,0x20,0x3c,0x6e,0x61,0x6d,0x65,  /* dValue>.     <name */
    0x64,0x56,0x61,0x6c,0x75,0x65,0x20,0x6e,0x61,0x6d,0x65,0x3d,0x22,0x4c,0x61,0x73,0x74,0x50,  /* dValue name="LastP */
    0x41,0x49,0x6e,0x53,0x65,0x6e,0x74,0x22,0x3e,0x20,0x30,0x20,0x3c,0x2f,0x6e,0x61,0x6d,0x65,  /* AInSent"> 0 </name */
    0x64,0x56,0x61,0x6c,0x75,0x65,0x3e,0x0a,0x20,0x20,0x20,0x20,0x20,0x3c,0x6e,0x61,0x6d,0x65,  /* dValue>.     <name */
    0x64,0x56,0x61,0x6c,0x75,0x65,0x20,0x6e,0x61,0x6d,0x65,0x3d,0x22,0x53,0x79,0x6c,0x55,0x6e,  /* dValue name="SylUn */
    0x6b,0x6e,0x6f,0x77,0x6e,0x22,0x3e,0x20,0x31,0x30,0x30,0x20,0x3c,0x2f,0x6e,0x61,0x6d,0x65,  /* known"> 100 </name */
    0x64,0x56,0x61,0x6c,0x75,0x65,0x3e,0x0a,0x20,0x20,0x3c,0x2f,0x70,0x61,0x72,0x61,0x6d,0x3e,  /* dValue>.  </param> */
    0x0a,0x0a,0x20,0x20,0x3c,0x70,0x61,0x72,0x61,0x6d,0x20,0x6e,0x61,0x6d,0x65,0x3d,0x22,0x74,  /* ..  <param name="t */
    0x74,0x73,0x2e,0x76,0x6f,0x69,0x63,0x65,0x43,0x66,0x67,0x2e,0x70,0x72,0x6f,0x73,0x63,0x6f,  /* ts.voiceCfg.prosco */
    0x73,0x74,0x2e,0x73,0x79,0x6c,0x54,0x79,0x70,0x65,0x43,0x6f,0x73,0x74,0x73,0x2e,0x50,0x41,  /* st.sylTypeCosts.PA */
    0x22,0x3e,0x0a,0x20,0x20,0x20,0x20,0x20,0x3c,0x6e,0x61,0x6d,0x65,0x64,0x56,0x61,0x6c,0x75,  /* ">.     <namedValu */
    0x65,0x20,0x6e,0x61,0x6d,0x65,0x3d,0x22,0x55,0x4e,0x44,0x45,0x46,0x22,0x3e,0x20,0x31,0x30,  /* e name="UNDEF"> 10 */
    0x30,0x20,0x3c,0x2f,0x6e,0x61,0x6d,0x65,0x64,0x56,0x61,0x6c,0x75,0x65,0x3e,0x0a,0x20,0x20,  /* 0 </namedValue>.   */
    0x20,0x20,0x20,0x3c,0x6e,0x61,0x6d,0x65,0x64,0x56,0x61,0x6c,0x75,0x65,0x20,0x6e,0x61,0x6d,  /*    <namedValue nam */
    0x65,0x3d,0x22,0x55,0x6e,0x73,0x74,0x72,0x65,0x73,0x73,0x65,0x64,0x22,0x3e,0x20,0x30,0x2e,  /* e="Unstressed"> 0. */
    0x34,0x20,0x3c,0x2f,0x6e,0x61,0x6d,0x65,0x64,0x56,0x61,0x6c,0x75,0x65,0x3e,0x0a,0x20,0x20,  /* 4 </namedValue>.   */
    0x20,0x20,0x20,0x3c,0x6e,0x61,0x6d,0x65,0x64,0x56,0x61,0x6c,0x75,0x65,0x20,0x6e,0x61,0x6d,  /*    <namedValue nam */
    0x65,0x3d,0x22,0x53,0x74,0x72,0x65,0x73,0x73,0x65,0x64,0x22,0x3e,0x20,0x30,0x2e,0x32,0x20,  /* e="Stressed"> 0.2  */
    0x3c,0x2f,0x6e,0x61,0x6d,0x65,0x64,0x56,0x61,0x6c,0x75,0x65,0x3e,0x0a,0x20,0x20,0x20,0x20,  /* </namedValue>.     */
    0x20,0x3c,0x6e,0x61,0x6d,0x65,0x64,0x56,0x61,0x6c,0x75,0x65,0x20,0x6e,0x61,0x6d,0x65,0x3d,  /*  <namedValue name= */
    0x22,0x50,0x41,0x22,0x3e,0x20,0x30,0x20,0x3c,0x2f,0x6e,0x61,0x6d,0x65,0x64,0x56,0x61,0x6c,  /* "PA"> 0 </namedVal */
    0x75,0x65,0x3e,0x0a,0x20,0x20,0x20,0x20,0x20,0x3c,0x6e,0x61,0x6d,0x65,0x64,0x56,0x61,0x6c,  /* ue>.     <namedVal */
    0x75,0x65,0x20,0x6e,0x61,0x6d,0x65,0x3d,0x22,0x46,0x69,0x72,0x73,0x74,0x50,0x41,0x22,0x3e,  /* ue name="FirstPA"> */
    0x20,0x30,0x2e,0x32,0x20,0x3c,0x2f,0x6e,0x61,0x6d,0x65,0x64,0x56,0x61,0x6c,0x75,0x65,0x3e,  /*  0.2 </namedValue> */
    0x0a,0x20,0x20,0x20,0x20,0x20,0x3c,0x6e,0x61,0x6d,0x65,0x64,0x56,0x61,0x6c,0x75,0x65,0x20,  /* .     <namedValue  */
    0x6e,0x61,0x6d,0x65,0x3d,0x22,0x46,0x69,0x72,0x73,0x74,0x50,0x41,0x49,0x6e,0x50,0x68,0x72,  /* name="FirstPAInPhr */
    0x61,0x73,0x65,0x22,0x3e,0x20,0x30,0x2e,0x32,0x20,0x3c,0x2f,0x6e,0x61,0x6d,0x65,0x64,0x56,  /* ase"> 0.2 </namedV */
    0x61,0x6c,0x75,0x65,0x3e,0x0a,0x20,0x20,0x20,0x20,0x20,0x3c,0x6e,0x61,0x6d,0x65,0x64,0x56,  /* alue>.     <namedV */
    0x61,0x6c,0x75,0x65,0x20,0x6e,0x61,0x6d,0x65,0x3d,0x22,0x4c,0x61,0x73,0x74,0x50,0x41,0x49,  /* alue name="LastPAI */
    0x6e,0x50,0x68,0x72,0x61,0x73,0x65,0x22,0x3e,0x20,0x30,0x2e,0x31,0x20,0x3c,0x2f,0x6e,0x61,  /* nPhrase"> 0.1 </na */
    0x6d,0x65,0x64,0x56,0x61,0x6c,0x75,0x65,0x3e,0x0a,0x20,0x20,0x20,0x20,0x20,0x3c,0x6e,0x61,  /* medValue>.     <na */
    0x6d,0x65,0x64,0x56,0x61,0x6c,0x75,0x65,0x20,0x6e,0x61,0x6d,0x65,0x3d,0x22,0x4c,0x61,0x73,  /* medValue name="Las */
    0x74,0x50,0x41,0x49,0x6e,0x53,0x65,0x6e,0x74,0x22,0x3e,0x20,0x30,0x2e,0x31,0x20,0x3c,0x2f,  /* tPAInSent"> 0.1 </ */
    0x6e,0x61,0x6d,0x65,0x64,0x56,0x61,0x6c,0x75,0x65,0x3e,0x0a,0x20,0x20,0x20,0x20,0x20,0x3c,  /* namedValue>.     < */
    0x6e,0x61,0x6d,0x65,0x64,0x56,0x61,0x6c,0x75,0x65,0x20,0x6e,0x61,0x6d,0x65,0x3d,0x22,0x53,  /* namedValue name="S */
    0x79,0x6c,0x55,0x6e,0x6b,0x6e,0x6f,0x77,0x6e,0x22,0x3e,0x20,0x31,0x30,0x30,0x20,0x3c,0x2f,  /* ylUnknown"> 100 </ */
    0x6e,0x61,0x6d,0x65,0x64,0x56,0x61,0x6c,0x75,0x65,0x3e,0x0a,0x20,0x20,0x3c,0x2f,0x70,0x61,  /* namedValue>.  </pa */
    0x72,0x61,0x6d,0x3e,0x0a,0x0a,0x20,0x20,0x3c,0x70,0x61,0x72,0x61,0x6d,0x20,0x6e,0x61,0x6d,  /* ram>..  <param nam */
    0x65,0x3d,0x22,0x74,0x74,0x73,0x2e,0x76,0x6f,0x69,0x63,0x65,0x43,0x66,0x67,0x2e,0x70,0x72,  /* e="tts.voiceCfg.pr */
    0x6f,0x73,0x63,0x6f,0x73,0x74,0x2e,0x73,0x79,0x6c,0x54,0x79,0x70,0x65,0x43,0x6f,0x73,0x74,  /* oscost.sylTypeCost */
    0x73,0x2e,0x53,0x74,0x72,0x65,0x73,0x73,0x65,0x64,0x22,0x3e,0x0a,0x20,0x20,0x20,0x20,0x20,  /* s.Stressed">.      */
    0x3c,0x6e,0x61,0x6d,0x65,0x64,0x56,0x61,0x6c,0x75,0x65,0x20,0x6e,0x61,0x6d,0x65,0x3d,0x22,  /* <namedValue name=" */
    0x55,0x4e,0x44,0x45,0x46,0x22,0x3e,0x20,0x31,0x30,0x30,0x20,0x3c,0x2f,0x6e,0x61,0x6d,0x65,  /* UNDEF"> 100 </name */
    0x64,0x56,0x61,0x6c,0x75,0x65,0x3e,0x0a,0x20,0x20,0x20,0x20,0x20,0x3c,0x6e,0x61,0x6d,0x65,  /* dValue>.     <name */
    0x64,0x56,0x61,0x6c,0x75,0x65,0x20,0x6e,0x61,0x6d,0x65,0x3d,0x22,0x55,0x6e,0x73,0x74,0x72,  /* dValue name="Unstr */
    0x65,0x73,0x73,0x65,0x64,0x22,0x3e,0x20,0x30,0x2e,0x32,0x20,0x3c,0x2f,0x6e,0x61,0x6d,0x65,  /* essed"> 0.2 </name */
    0x64,0x56,0x61,0x6c,0x75,0x65,0x3e,0x0a,0x20,0x20,0x20,0x20,0x20,0x3c,0x6e,0x61,0x6d,0x65,  /* dValue>.     <name */
    0x64,0x56,0x61,0x6c,0x75,0x65,0x20,0x6e,0x61,0x6d,0x65,0x3d,0x22,0x53,0x74,0x72,0x65,0x73,  /* dValue name="Stres */
    0x73,0x65,0x64,0x22,0x3e,0x20,0x30,0x20,0x3c,0x2f,0x6e,0x61,0x6d,0x65,0x64,0x56,0x61,0x6c,  /* sed"> 0 </namedVal */
    0x75,0x65,0x3e,0x0a,0x20,0x20,0x20,0x20,0x20,0x3c,0x6e,0x61,0x6d,0x65,0x64,0x56,0x61,0x6c,  /* ue>.     <namedVal */
    0x75,0x65,0x20,0x6e,0x61,0x6d,0x65,0x3d,0x22,0x50,0x41,0x22,0x3e,0x20,0x30,0x2e,0x31,0x20,  /* ue name="PA"> 0.1  */
    0x3c,0x2f,0x6e,0x61,0x6d,0x65,0x64,0x56,0x61,0x6c,0x75,0x65,0x3e,0x0a,0x20,0x20,0x20,0x20,  /* </namedValue>.     */
    0x20,0x3c,0x6e,0x61,0x6d,0x65,0x64,0x56,0x61,0x6c,0x75,0x65,0x20,0x6e,0x61,0x6d,0x65,0x3d,  /*  <namedValue name= */
    0x22,0x46,0x69,0x72,0x73,0x74,0x50,0x41,0x22,0x3e,0x20,0x30,0x2e,0x33,0x20,0x3c,0x2f,0x6e,  /* "FirstPA"> 0.3 </n */
    0x61,0x6d,0x65,0x64,0x56,0x61,0x6c,0x75,0x65,0x3e,0x0a,0x20,0x20,0x20,0x20,0x20,0x3c,0x6e,  /* amedValue>.     <n */
    0x61,0x6d,0x65,0x64,0x56,0x61,0x6c,0x75,0x65,0x20,0x6e,0x61,0x6d,0x65,0x3d,0x22,0x46,0x69,  /* amedValue name="Fi */
    0x72,0x73,0x74,0x50,0x41,0x49,0x6e,0x50,0x68,0x72,0x61,0x73,0x65,0x22,0x3e,0x20,0x30,0x2e,  /* rstPAInPhrase"> 0. */
    0x33,0x20,0x3c,0x2f,0x6e,0x61,0x6d,0x65,0x64,0x56,0x61,0x6c,0x75,0x65,0x3e,0x0a,0x20,0x20,  /* 3 </namedValue>.   */
    0x20,0x20,0x20,0x3c,0x6e,0x61,0x6d,0x65,0x64,0x56,0x61,0x6c,0x75,0x65,0x20,0x6e,0x61,0x6d,  /*    <namedValue nam */
    0x65,0x3d,0x22,0x4c,0x61,0x73,0x74,0x50,0x41,0x49,0x6e,0x50,0x68,0x72,0x61,0x73,0x65,0x22,  /* e="LastPAInPhrase" */
    0x3e,0x20,0x30,0x2e,0x32,0x20,0x3c,0x2f,0x6e,0x61,0x6d,0x65,0x64,0x56,0x61,0x6c,0x75,0x65,  /* > 0.2 </namedValue */
    0x3e,0x0a,0x20,0x20,0x20,0x20,0x20,0x3c,0x6e,0x61,0x6d,0x65,0x64,0x56,0x61,0x6c,0x75,0x65,  /* >.     <namedValue */
    0x20,0x6e,0x61,0x6d,0x65,0x3d,0x22,0x4c,0x61,0x73,0x74,0x50,0x41,0x49,0x6e,0x53,0x65,0x6e,  /*  name="LastPAInSen */
    0x74,0x22,0x3e,0x20,0x30,0x2e,0x32,0x20,0x3c,0x2f,0x6e,0x61,0x6d,0x65,0x64,0x56,0x61,0x6c,  /* t"> 0.2 </namedVal */
    0x75,0x65,0x3e,0x0a,0x20,0x20,0x20,0x20,0x20,0x3c,0x6e,0x61,0x6d,0x65,0x64,0x56,0x61,0x6c,  /* ue>.     <namedVal */
    0x75,0x65,0x20,0x6e,0x61,0x6d,0x65,0x3d,0x22,0x53,0x79,0x6c,0x55,0x6e,0x6b,0x6e,0x6f,0x77,  /* ue name="SylUnknow */
    0x6e,0x22,0x3e,0x20,0x31,0x30,0x30,0x20,0x3c,0x2f,0x6e,0x61,0x6d,0x65,0x64,0x56,0x61,0x6c,  /* n"> 100 </namedVal */
    0x75,0x65,0x3e,0x0a,0x20,0x20,0x3c,0x2f,0x70,0x61,0x72,0x61,0x6d,0x3e,0x0a,0x0a,0x20,0x20,  /* ue>.  </param>..   */
    0x3c,0x70,0x61,0x72,0x61,0x6d,0x20,0x6e,0x61,0x6d,0x65,0x3d,0x22,0x74,0x74,0x73,0x2e,0x76,  /* <param name="tts.v */
    0x6f,0x69,0x63,0x65,0x43,0x66,0x67,0x2e,0x70,0x72,0x6f,0x73,0x63,0x6f,0x73,0x74,0x2e,0x73,  /* oiceCfg.proscost.s */
    0x79,0x6c,0x54,0x79,0x70,0x65,0x43,0x6f,0x73,0x74,0x73,0x2e,0x53,0x79,0x6c,0x55,0x6e,0x6b,  /* ylTypeCosts.SylUnk */
    0x6e,0x6f,0x77,0x6e,0x22,0x3e,0x0a,0x20,0x20,0x20,0x20,0x20,0x3c,0x6e,0x61,0x6d,0x65,0x64,  /* nown">.     <named */
    0x56,0x61,0x6c,0x75,0x65,0x20,0x6e,0x61,0x6d,0x65,0x3d,0x22,0x55,0x4e,0x44,0x45,0x46,0x22,  /* Value name="UNDEF" */
    0x3e,0x20,0x31,0x30,0x30,0x20,0x3c,0x2f,0x6e,0x61,0x6d,0x65,0x64,0x56,0x61,0x6c,0x75,0x65,  /* > 100 </namedValue */
    0x3e,0x0a,0x20,0x20,0x20,0x20,0x20,0x3c,0x6e,0x61,0x6d,0x65,0x64,0x56,0x61,0x6c,0x75,0x65,  /* >.     <namedValue */
    0x20,0x6e,0x61,0x6d,0x65,0x3d,0x22,0x55,0x6e,0x73,0x74,0x72,0x65,0x73,0x73,0x65,0x64,0x22,  /*  name="Unstressed" */
    0x3e,0x20,0x30,0x20,0x3c,0x2f,0x6e,0x61,0x6d,0x65,0x64,0x56,0x61,0x6c,0x75,0x65,0x3e,0x0a,  /* > 0 </namedValue>. */
    0x20,0x20,0x20,0x20,0x20,0x3c,0x6e,0x61,0x6d,0x65,0x64,0x56,0x61,0x6c,0x75,0x65,0x20,0x6e,  /*      <namedValue n */
    0x61,0x6d,0x65,0x3d,0x22,0x53,0x74,0x72,0x65,0x73,0x73,0x65,0x64,0x22,0x3e,0x20,0x30,0x20,  /* ame="Stressed"> 0  */
    0x3c,0x2f,0x6e,0x61,0x6d,0x65,0x64,0x56,0x61,0x6c,0x75,0x65,0x3e,0x0a,0x20,0x20,0x20,0x20,  /* </namedValue>.     */
    0x20,0x3c,0x6e,0x61,0x6d,0x65,0x64,0x56,0x61,0x6c,0x75,0x65,0x20,0x6e,0x61,0x6d,0x65,0x3d,  /*  <namedValue name= */
    0x22,0x50,0x41,0x22,0x3e,0x20,0x30,0x20,0x3c,0x2f,0x6e,0x61,0x6d,0x65,0x64,0x56,0x61,0x6c,  /* "PA"> 0 </namedVal */
    0x75,0x65,0x3e,0x0a,0x20,0x20,0x20,0x20,0x20,0x3c,0x6e,0x61,0x6d,0x65,0x64,0x56,0x61,0x6c,  /* ue>.     <namedVal */
    0x75,0x65,0x20,0x6e,0x61,0x6d,0x65,0x3d,0x22,0x46,0x69,0x72,0x73,0x74,0x50,0x41,0x22,0x3e,  /* ue name="FirstPA"> */
    0x20,0x30,0x20,0x3c,0x2f,0x6e,0x61,0x6d,0x65,0x64,0x56,0x61,0x6c,0x75,0x65,0x3e,0x0a,0x20,  /*  0 </namedValue>.  */
    0x20,0x20,0x20,0x20,0x3c,0x6e,0x61,0x6d,0x65,0x64,0x56,0x61,0x6c,0x75,0x65,0x20,0x6e,0x61,  /*     <namedValue na */
    0x6d,0x65,0x3d,0x22,0x46,0x69,0x72,0x73,0x74,0x50,0x41,0x49,0x6e,0x50,0x68,0x72,0x61,0x73,  /* me="FirstPAInPhras */
    0x65,0x22,0x3e,0x20,0x30,0x20,0x3c,0x2f,0x6e,0x61,0x6d,0x65,0x64,0x56,0x61,0x6c,0x75,0x65,  /* e"> 0 </namedValue */
    0x3e,0x0a,0x20,0x20,0x20,0x20,0x20,0x3c,0x6e,0x61,0x6d,0x65,0x64,0x56,0x61,0x6c,0x75,0x65,  /* >.     <namedValue */
    0x20,0x6e,0x61,0x6d,0x65,0x3d,0x22,0x4c,0x61,0x73,0x74,0x50,0x41,0x49,0x6e,0x50,0x68,0x72,  /*  name="LastPAInPhr */
    0x61,0x73,0x65,0x22,0x3e,0x20,0x30,0x20,0x3c,0x2f,0x6e,0x61,0x6d,0x65,0x64,0x56,0x61,0x6c,  /* ase"> 0 </namedVal */
    0x75,0x65,0x3e,0x0a,0x20,0x20,0x20,0x20,0x20,0x3c,0x6e,0x61,0x6d,0x65,0x64,0x56,0x61,0x6c,  /* ue>.     <namedVal */
    0x75,0x65,0x20,0x6e,0x61,0x6d,0x65,0x3d,0x22,0x4c,0x61,0x73,0x74,0x50,0x41,0x49,0x6e,0x53,  /* ue name="LastPAInS */
    0x65,0x6e,0x74,0x22,0x3e,0x20,0x30,0x20,0x3c,0x2f,0x6e,0x61,0x6d,0x65,0x64,0x56,0x61,0x6c,  /* ent"> 0 </namedVal */
    0x75,0x65,0x3e,0x0a,0x20,0x20,0x20,0x20,0x20,0x3c,0x6e,0x61,0x6d,0x65,0x64,0x56,0x61,0x6c,  /* ue>.     <namedVal */
    0x75,0x65,0x20,0x6e,0x61,0x6d,0x65,0x3d,0x22,0x53,0x79,0x6c,0x55,0x6e,0x6b,0x6e,0x6f,0x77,  /* ue name="SylUnknow */
    0x6e,0x22,0x3e,0x20,0x31,0x30,0x30,0x20,0x3c,0x2f,0x6e,0x61,0x6d,0x65,0x64,0x56,0x61,0x6c,  /* n"> 100 </namedVal */
    0x75,0x65,0x3e,0x0a,0x20,0x20,0x3c,0x2f,0x70,0x61,0x72,0x61,0x6d,0x3e,0x0a,0x0a,0x20,0x20,  /* ue>.  </param>..   */
    0x3c,0x70,0x61,0x72,0x61,0x6d,0x20,0x6e,0x61,0x6d,0x65,0x3d,0x22,0x74,0x74,0x73,0x2e,0x76,  /* <param name="tts.v */
    0x6f,0x69,0x63,0x65,0x43,0x66,0x67,0x2e,0x70,0x72,0x6f,0x73,0x63,0x6f,0x73,0x74,0x2e,0x73,  /* oiceCfg.proscost.s */
    0x79,0x6c,0x54,0x79,0x70,0x65,0x43,0x6f,0x73,0x74,0x73,0x2e,0x55,0x4e,0x44,0x45,0x46,0x22,  /* ylTypeCosts.UNDEF" */
    0x3e,0x0a,0x20,0x20,0x20,0x20,0x20,0x3c,0x6e,0x61,0x6d,0x65,0x64,0x56,0x61,0x6c,0x75,0x65,  /* >.     <namedValue */
    0x20,0x6e,0x61,0x6d,0x65,0x3d,0x22,0x55,0x4e,0x44,0x45,0x46,0x22,0x3e,0x20,0x31,0x30,0x30,  /*  name="UNDEF"> 100 */
    0x20,0x3c,0x2f,0x6e,0x61,0x6d,0x65,0x64,0x56,0x61,0x6c,0x75,0x65,0x3e,0x0a,0x20,0x20,0x20,  /*  </namedValue>.    */
    0x20,0x20,0x3c,0x6e,0x61,0x6d,0x65,0x64,0x56,0x61,0x6c,0x75,0x65,0x20,0x6e,0x61,0x6d,0x65,  /*   <namedValue name */
    0x3d,0x22,0x55,0x6e,0x73,0x74,0x72,0x65,0x73,0x73,0x65,0x64,0x22,0x3e,0x20,0x30,0x20,0x3c,  /* ="Unstressed"> 0 < */
    0x2f,0x6e,0x61,0x6d,0x65,0x64,0x56,0x61,0x6c,0x75,0x65,0x3e,0x0a,0x20,0x20,0x20,0x20,0x20,  /* /namedValue>.      */
    0x3c,0x6e,0x61,0x6d,0x65,0x64,0x56,0x61,0x6c,0x75,0x65,0x20,0x6e,0x61,0x6d,0x65,0x3d,0x22,  /* <namedValue name=" */
    0x53,0x74,0x72,0x65,0x73,0x73,0x65,0x64,0x22,0x3e,0x20,0x30,0x20,0x3c,0x2f,0x6e,0x61,0x6d,  /* Stressed"> 0 </nam */
    0x65,0x64,0x56,0x61,0x6c,0x75,0x65,0x3e,0x0a,0x20,0x20,0x20,0x20,0x20,0x3c,0x6e,0x61,0x6d,  /* edValue>.     <nam */
    0x65,0x64,0x56,0x61,0x6c,0x75,0x65,0x20,0x6e,0x61,0x6d,0x65,0x3d,0x22,0x50,0x41,0x22,0x3e,  /* edValue name="PA"> */
    0x20,0x30,0x20,0x3c,0x2f,0x6e,0x61,0x6d,0x65,0x64,0x56,0x61,0x6c,0x75,0x65,0x3e,0x0a,0x20,  /*  0 </namedValue>.  */
    0x20,0x20,0x20,0x20,0x3c,0x6e,0x61,0x6d,0x65,0x64,0x56,0x61,0x6c,0x75,0x65,0x20,0x6e,0x61,  /*     <namedValue na */
    0x6d,0x65,0x3d,0x22,0x46,0x69,0x72,0x73,0x74,0x50,0x41,0x22,0x3e,0x20,0x30,0x20,0x3c,0x2f,  /* me="FirstPA"> 0 </ */
    0x6e,0x61,0x6d,0x65,0x64,0x56,0x61,0x6c,0x75,0x65,0x3e,0x0a,0x20,0x20,0x20,0x20,0x20,0x3c,  /* namedValue>.     < */
    0x6e,0x61,0x6d,0x65,0x64,0x56,0x61,0x6c,0x75,0x65,0x20,0x6e,0x61,0x6d,0x65,0x3d,0x22,0x46,  /* namedValue name="F */
    0x69,0x72,0x73,0x74,0x50,0x41,0x49,0x6e,0x50,0x68,0x72,0x61,0x73,0x65,0x22,0x3e,0x20,0x30,  /* irstPAInPhrase"> 0 */
    0x20,0x3c,0x2f,0x6e,0x61,0x6d,0x65,0x64,0x56,0x61,0x6c,0x75,0x65,0x3e,0x0a,0x20,0x20,0x20,  /*  </namedValue>.    */
    0x20,0x20,0x3c,0x6e,0x61,0x6d,0x65,0x64,0x56,0x61,0x6c,0x75,0x65,0x20,0x6e,0x61,0x6d,0x65,  /*   <namedValue name */
    0x3d,0x22,0x4c,0x61,0x73,0x74,0x50,0x41,0x49,0x6e,0x50,0x68,0x72,0x61,0x73,0x65,0x22,0x3e,  /* ="LastPAInPhrase"> */
    0x20,0x30,0x20,0x3c,0x2f,0x6e,0x61,0x6d,0x65,0x64,0x56,0x61,0x6c,0x75,0x65,0x3e,0x0a,0x20,  /*  0 </namedValue>.  */
    0x20,0x20,0x20,0x20,0x3c,0x6e,0x61,0x6d,0x65,0x64,0x56,0x61,0x6c,0x75,0x65,0x20,0x6e,0x61,  /*     <namedValue na */
    0x6d,0x65,0x3d,0x22,0x4c,0x61,0x73,0x74,0x50,0x41,0x49,0x6e,0x53,0x65,0x6e,0x74,0x22,0x3e,  /* me="LastPAInSent"> */
    0x20,0x30,0x20,0x3c,0x2f,0x6e,0x61,0x6d,0x65,0x64,0x56,0x61,0x6c,0x75,0x65,0x3e,0x0a,0x20,  /*  0 </namedValue>.  */
    0x20,0x20,0x20,0x20,0x3c,0x6e,0x61,0x6d,0x65,0x64,0x56,0x61,0x6c,0x75,0x65,0x20,0x6e,0x61,  /*     <namedValue na */
    0x6d,0x65,0x3d,0x22,0x53,0x79,0x6c,0x55,0x6e,0x6b,0x6e,0x6f,0x77,0x6e,0x22,0x3e,0x20,0x31,  /* me="SylUnknown"> 1 */
    0x30,0x30,0x20,0x3c,0x2f,0x6e,0x61,0x6d,0x65,0x64,0x56,0x61,0x6c,0x75,0x65,0x3e,0x0a,0x20,  /* 00 </namedValue>.  */
    0x20,0x3c,0x2f,0x70,0x61,0x72,0x61,0x6d,0x3e,0x0a,0x0a,0x20,0x20,0x3c,0x70,0x61,0x72,0x61,  /*  </param>..  <para */
    0x6d,0x20,0x6e,0x61,0x6d,0x65,0x3d,0x22,0x74,0x74,0x73,0x2e,0x76,0x6f,0x69,0x63,0x65,0x43,  /* m name="tts.voiceC */
    0x66,0x67,0x2e,0x70,0x72,0x6f,0x73,0x63,0x6f,0x73,0x74,0x2e,0x73,0x79,0x6c,0x54,0x79,0x70,  /* fg.proscost.sylTyp */
    0x65,0x43,0x6f,0x73,0x74,0x73,0x2e,0x55,0x6e,0x73,0x74,0x72,0x65,0x73,0x73,0x65,0x64,0x22,  /* eCosts.Unstressed" */
    0x3e,0x0a,0x20,0x20,0x20,0x20,0x20,0x3c,0x6e,0x61,0x6d,0x65,0x64,0x56,0x61,0x6c,0x75,0x65,  /* >.     <namedValue */
    0x20,0x6e,0x61,0x6d,0x65,0x3d,0x22,0x55,0x4e,0x44,0x45,0x46,0x22,0x3e,0x20,0x31,0x30,0x30,  /*  name="UNDEF"> 100 */
    0x20,0x3c,0x2f,0x6e,0x61,0x6d,0x65,0x64,0x56,0x61,0x6c,0x75,0x65,0x3e,0x0a,0x20,0x20,0x20,  /*  </namedValue>.    */
    0x20,0x20,0x3c,0x6e,0x61,0x6d,0x65,0x64,0x56,0x61,0x6c,0x75,0x65,0x20,0x6e,0x61,0x6d,0x65,  /*   <namedValue name */
    0x3d,0x22,0x55,0x6e,0x73,0x74,0x72,0x65,0x73,0x73,0x65,0x64,0x22,0x3e,0x20,0x30,0x20,0x3c,  /* ="Unstressed"> 0 < */
    0x2f,0x6e,0x61,0x6d,0x65,0x64,0x56,0x61,0x6c,0x75,0x65,0x3e,0x0a,0x20,0x20,0x20,0x20,0x20,  /* /namedValue>.      */
    0x3c,0x6e,0x61,0x6d,0x65,0x64,0x56,0x61,0x6c,0x75,0x65,0x20,0x6e,0x61,0x6d,0x65,0x3d,0x22,  /* <namedValue name=" */
    0x53,0x74,0x72,0x65,0x73,0x73,0x65,0x64,0x22,0x3e,0x20,0x30,0x2e,0x31,0x20,0x3c,0x2f,0x6e,  /* Stressed"> 0.1 </n */
    0x61,0x6d,0x65,0x64,0x56,0x61,0x6c,0x75,0x65,0x3e,0x0a,0x20,0x20,0x20,0x20,0x20,0x3c,0x6e,  /* amedValue>.     <n */
    0x61,0x6d,0x65,0x64,0x56,0x61,0x6c,0x75,0x65,0x20,0x6e,0x61,0x6d,0x65,0x3d,0x22,0x50,0x41,  /* amedValue name="PA */
    0x22,0x3e,0x20,0x30,0x2e,0x33,0x20,0x3c,0x2f,0x6e,0x61,0x6d,0x65,0x64,0x56,0x61,0x6c,0x75,  /* "> 0.3 </namedValu */
    0x65,0x3e,0x0a,0x20,0x20,0x20,0x20,0x20,0x3c,0x6e,0x61,0x6d,0x65,0x64,0x56,0x61,0x6c,0x75,  /* e>.     <namedValu */
    0x65,0x20,0x6e,0x61,0x6d,0x65,0x3d,0x22,0x46,0x69,0x72,0x73,0x74,0x50,0x41,0x22,0x3e,0x20,  /* e name="FirstPA">  */
    0x30,0x2e,0x34,0x20,0x3c,0x2f,0x6e,0x61,0x6d,0x65,0x64,0x56,0x61,0x6c,0x75,0x65,0x3e,0x0a,  /* 0.4 </namedValue>. */
    0x20,0x20,0x20,0x20,0x20,0x3c,0x6e,0x61,0x6d,0x65,0x64,0x56,0x61,0x6c,0x75,0x65,0x20,0x6e,  /*      <namedValue n */
    0x61,0x6d,0x65,0x3d,0x22,0x46,0x69,0x72,0x73,0x74,0x50,0x41,0x49,0x6e,0x50,0x68,0x72,0x61,  /* ame="FirstPAInPhra */
    0x73,0x65,0x22,0x3e,0x20,0x30,0x2e,0x34,0x20,0x3c,0x2f,0x6e,0x61,0x6d,0x65,0x64,0x56,0x61,  /* se"> 0.4 </namedVa */
    0x6c,0x75,0x65,0x3e,0x0a,0x20,0x20,0x20,0x20,0x20,0x3c,0x6e,0x61,0x6d,0x65,0x64,0x56,0x61,  /* lue>.     <namedVa */
    0x6c,0x75,0x65,0x20,0x6e,0x61,0x6d,0x65,0x3d,0x22,0x4c,0x61,0x73,0x74,0x50,0x41,0x49,0x6e,  /* lue name="LastPAIn */
    0x50,0x68,0x72,0x61,0x73,0x65,0x22,0x3e,0x20,0x30,0x2e,0x31,0x20,0x3c,0x2f,0x6e,0x61,0x6d,  /* Phrase"> 0.1 </nam */
    0x65,0x64,0x56,0x61,0x6c,0x75,0x65,0x3e,0x0a,0x20,0x20,0x20,0x20,0x20,0x3c,0x6e,0x61,0x6d,  /* edValue>.     <nam */
    0x65,0x64,0x56,0x61,0x6c,0x75,0x65,0x20,0x6e,0x61,0x6d,0x65,0x3d,0x22,0x4c,0x61,0x73,0x74,  /* edValue name="Last */
    0x50,0x41,0x49,0x6e,0x53,0x65,0x6e,0x74,0x22,0x3e,0x20,0x30,0x2e,0x31,0x20,0x3c,0x2f,0x6e,  /* PAInSent"> 0.1 </n */
    0x61,0x6d,0x65,0x64,0x56,0x61,0x6c,0x75,0x65,0x3e,0x0a,0x20,0x20,0x20,0x20,0x20,0x3c,0x6e,  /* amedValue>.     <n */
    0x61,0x6d,0x65,0x64,0x56,0x61,0x6c,0x75,0x65,0x20,0x6e,0x61,0x6d,0x65,0x3d,0x22,0x53,0x79,  /* amedValue name="Sy */
    0x6c,0x55,0x6e,0x6b,0x6e,0x6f,0x77,0x6e,0x22,0x3e,0x20,0x31,0x30,0x30,0x20,0x3c,0x2f,0x6e,  /* lUnknown"> 100 </n */
    0x61,0x6d,0x65,0x64,0x56,0x61,0x6c,0x75,0x65,0x3e,0x0a,0x20,0x20,0x3c,0x2f,0x70,0x61,0x72,  /* amedValue>.  </par */
    0x61,0x6d,0x3e,0x0a,0x0a,0x20,0x20,0x3c,0x70,0x61,0x72,0x61,0x6d,0x20,0x6e,0x61,0x6d,0x65,  /* am>..  <param name */
    0x3d,0x22,0x74,0x74,0x73,0x2e,0x76,0x6f,0x69,0x63,0x65,0x43,0x66,0x67,0x2e,0x70,0x72,0x6f,  /* ="tts.voiceCfg.pro */
    0x73,0x63,0x6f,0x73,0x74,0x2e,0x77,0x6f,0x72,0x64,0x49,0x6e,0x50,0x68,0x72,0x61,0x73,0x65,  /* scost.wordInPhrase */
    0x43,0x6f,0x73,0x74,0x73,0x2e,0x55,0x4e,0x44,0x45,0x46,0x22,0x3e,0x0a,0x20,0x20,0x20,0x20,  /* Costs.UNDEF">.     */
    0x20,0x3c,0x6e,0x61,0x6d,0x65,0x64,0x56,0x61,0x6c,0x75,0x65,0x20,0x6e,0x61,0x6d,0x65,0x3d,  /*  <namedValue name= */
    0x22,0x55,0x4e,0x44,0x45,0x46,0x22,0x3e,0x20,0x31,0x30,0x30,0x20,0x3c,0x2f,0x6e,0x61,0x6d,  /* "UNDEF"> 100 </nam */
    0x65,0x64,0x56,0x61,0x6c,0x75,0x65,0x3e,0x0a,0x20,0x20,0x20,0x20,0x20,0x3c,0x6e,0x61,0x6d,  /* edValue>.     <nam */
    0x65,0x64,0x56,0x61,0x6c,0x75,0x65,0x20,0x6e,0x61,0x6d,0x65,0x3d,0x22,0x57,0x6f,0x72,0x64,  /* edValue name="Word */
    0x50,0x68,0x72,0x49,0x6e,0x69,0x74,0x69,0x61,0x6c,0x22,0x3e,0x20,0x30,0x20,0x3c,0x2f,0x6e,  /* PhrInitial"> 0 </n */
    0x61,0x6d,0x65,0x64,0x56,0x61,0x6c,0x75,0x65,0x3e,0x0a,0x20,0x20,0x20,0x20,0x20,0x3c,0x6e,  /* amedValue>.     <n */
    0x61,0x6d,0x65,0x64,0x56,0x61,0x6c,0x75,0x65,0x20,0x6e,0x61,0x6d,0x65,0x3d,0x22,0x57,0x6f,  /* amedValue name="Wo */
    0x72,0x64,0x50,0x68,0x72,0x4d,0x65,0x64,0x69,0x61,0x6c,0x22,0x3e,0x20,0x30,0x20,0x3c,0x2f,  /* rdPhrMedial"> 0 </ */
    0x6e,0x61,0x6d,0x65,0x64,0x56,0x61,0x6c,0x75,0x65,0x3e,0x0a,0x20,0x20,0x20,0x20,0x20,0x3c,  /* namedValue>.     < */
    0x6e,0x61,0x6d,0x65,0x64,0x56,0x61,0x6c,0x75,0x65,0x20,0x6e,0x61,0x6d,0x65,0x3d,0x22,0x57,  /* namedValue name="W */
    0x6f,0x72,0x64,0x50,0x68,0x72,0x46,0x69,0x6e,0x61,0x6c,0x22,0x3e,0x20,0x30,0x20,0x3c,0x2f,  /* ordPhrFinal"> 0 </ */
    0x6e,0x61,0x6d,0x65,0x64,0x56,0x61,0x6c,0x75,0x65,0x3e,0x0a,0x20,0x20,0x20,0x20,0x20,0x3c,  /* namedValue>.     < */
    0x6e,0x61,0x6d,0x65,0x64,0x56,0x61,0x6c,0x75,0x65,0x20,0x6e,0x61,0x6d,0x65,0x3d,0x22,0x57,  /* namedValue name="W */
    0x6f,0x72,0x64,0x50,0x68,0x72,0x55,0x6e,0x6b,0x6e,0x6f,0x77,0x6e,0x22,0x3e,0x20,0x31,0x30,  /* ordPhrUnknown"> 10 */
    0x30,0x20,0x3c,0x2f,0x6e,0x61,0x6d,0x65,0x64,0x56,0x61,0x6c,0x75,0x65,0x3e,0x0a,0x20,0x20,  /* 0 </namedValue>.   */
    0x20,0x20,0x20,0x3c,0x6e,0x61,0x6d,0x65,0x64,0x56,0x61,0x6c,0x75,0x65,0x20,0x6e,0x61,0x6d,  /*    <namedValue nam */
    0x65,0x3d,0x22,0x57,0x6f,0x72,0x64,0x53,0x65,0x6e,0x74,0x49,0x6e,0x69,0x74,0x69,0x61,0x6c,  /* e="WordSentInitial */
    0x22,0x3e,0x20,0x30,0x20,0x3c,0x2f,0x6e,0x61,0x6d,0x65,0x64,0x56,0x61,0x6c,0x75,0x65,0x3e,  /* "> 0 </namedValue> */
    0x0a,0x20,0x20,0x20,0x20,0x20,0x3c,0x6e,0x61,0x6d,0x65,0x64,0x56,0x61,0x6c,0x75,0x65,0x20,  /* .     <namedValue  */
    0x6e,0x61,0x6d,0x65,0x3d,0x22,0x57,0x6f,0x72,0x64,0x53,0x65,0x6e,0x74,0x46,0x69,0x6e,0x61,  /* name="WordSentFina */
    0x6c,0x22,0x3e,0x20,0x30,0x20,0x3c,0x2f,0x6e,0x61,0x6d,0x65,0x64,0x56,0x61,0x6c,0x75,0x65,  /* l"> 0 </namedValue */
    0x3e,0x0a,0x20,0x20,0x3c,0x2f,0x70,0x61,0x72,0x61,0x6d,0x3e,0x0a,0x0a,0x20,0x20,0x3c,0x70,  /* >.  </param>..  <p */
    0x61,0x72,0x61,0x6d,0x20,0x6e,0x61,0x6d,0x65,0x3d,0x22,0x74,0x74,0x73,0x2e,0x76,0x6f,0x69,  /* aram name="tts.voi */
    0x63,0x65,0x43,0x66,0x67,0x2e,0x70,0x72,0x6f,0x73,0x63,0x6f,0x73,0x74,0x2e,0x77,0x6f,0x72,  /* ceCfg.proscost.wor */
    0x64,0x49,0x6e,0x50,0x68,0x72,0x61,0x73,0x65,0x43,0x6f,0x73,0x74,0x73,0x2e,0x57,0x6f,0x72,  /* dInPhraseCosts.Wor */
    0x64,0x50,0x68,0x72,0x46,0x69,0x6e,0x61,0x6c,0x22,0x3e,0x0a,0x20,0x20,0x20,0x20,0x20,0x3c,  /* dPhrFinal">.     < */
    0x6e,0x61,0x6d,0x65,0x64,0x56,0x61,0x6c,0x75,0x65,0x20,0x6e,0x61,0x6d,0x65,0x3d,0x22,0x55,  /* namedValue name="U */
    0x4e,0x44,0x45,0x46,0x22,0x3e,0x20,0x31,0x30,0x30,0x20,0x3c,0x2f,0x6e,0x61,0x6d,0x65,0x64,  /* NDEF"> 100 </named */
    0x56,0x61,0x6c,0x75,0x65,0x3e,0x0a,0x20,0x20,0x20,0x20,0x20,0x3c,0x6e,0x61,0x6d,0x65,0x64,  /* Value>.     <named */
    0x56,0x61,0x6c,0x75,0x65,0x20,0x6e,0x61,0x6d,0x65,0x3d,0x22,0x57,0x6f,0x72,0x64,0x50,0x68,  /* Value name="WordPh */
    0x72,0x49,0x6e,0x69,0x74,0x69,0x61,0x6c,0x22,0x3e,0x20,0x33,0x20,0x3c,0x2f,0x6e,0x61,0x6d,  /* rInitial"> 3 </nam */
    0x65,0x64,0x56,0x61,0x6c,0x75,0x65,0x3e,0x0a,0x20,0x20,0x20,0x20,0x20,0x3c,0x6e,0x61,0x6d,  /* edValue>.     <nam */
    0x65,0x64,0x56,0x61,0x6c,0x75,0x65,0x20,0x6e,0x61,0x6d,0x65,0x3d,0x22,0x57,0x6f,0x72,0x64,  /* edValue name="Word */
    0x50,0x68,0x72,0x4d,0x65,0x64,0x69,0x61,0x6c,0x22,0x3e,0x20,0x31,0x20,0x3c,0x2f,0x6e,0x61,  /* PhrMedial"> 1 </na */
    0x6d,0x65,0x64,0x56,0x61,0x6c,0x75,0x65,0x3e,0x0a,0x20,0x20,0x20,0x20,0x20,0x3c,0x6e,0x61,  /* medValue>.     <na */
    0x6d,0x65,0x64,0x56,0x61,0x6c,0x75,0x65,0x20,0x6e,0x61,0x6d,0x65,0x3d,0x22,0x57,0x6f,0x72,  /* medValue name="Wor */
    0x64,0x50,0x68,0x72,0x46,0x69,0x6e,0x61,0x6c,0x22,0x3e,0x20,0x30,0x20,0x3c,0x2f,0x6e,0x61,  /* dPhrFinal"> 0 </na */
    0x6d,0x65,0x64,0x56,0x61,0x6c,0x75,0x65,0x3e,0x0a,0x20,0x20,0x20,0x20,0x20,0x3c,0x6e,0x61,  /* medValue>.     <na */
    0x6d,0x65,0x64,0x56,0x61,0x6c,0x75,0x65,0x20,0x6e,0x61,0x6d,0x65,0x3d,0x22,0x57,0x6f,0x72,  /* medValue name="Wor */
    0x64,0x50,0x68,0x72,0x55,0x6e,0x6b,0x6e,0x6f,0x77,0x6e,0x22,0x3e,0x20,0x31,0x30,0x30,0x20,  /* dPhrUnknown"> 100  */
    0x3c,0x2f,0x6e,0x61,0x6d,0x65,0x64,0x56,0x61,0x6c,0x75,0x65,0x3e,0x0a,0x20,0x20,0x20,0x20,  /* </namedValue>.     */
    0x20,0x3c,0x6e,0x61,0x6d,0x65,0x64,0x56,0x61,0x6c,0x75,0x65,0x20,0x6e,0x61,0x6d,0x65,0x3d,  /*  <namedValue name= */
    0x22,0x57,0x6f,0x72,0x64,0x53,0x65,0x6e,0x74,0x49,0x6e,0x69,0x74,0x69,0x61,0x6c,0x22,0x3e,  /* "WordSentInitial"> */
    0x20,0x33,0x20,0x3c,0x2f,0x6e,0x61,0x6d,0x65,0x64,0x56,0x61,0x6c,0x75,0x65,0x3e,0x0a,0x20,  /*  3 </namedValue>.  */
    0x20,0x20,0x20,0x20,0x3c,0x6e,0x61,0x6d,0x65,0x64,0x56,0x61,0x6c,0x75,0x65,0x20,0x6e,0x61,  /*     <namedValue na */
    0x6d,0x65,0x3d,0x22,0x57,0x6f,0x72,0x64,0x53,0x65,0x6e,0x74,0x46,0x69,0x6e,0x61,0x6c,0x22,  /* me="WordSentFinal" */
    0x3e,0x20,0x31,0x2e,0x35,0x20,0x3c,0x2f,0x6e,0x61,0x6d,0x65,0x64,0x56,0x61,0x6c,0x75,0x65,  /* > 1.5 </namedValue */
    0x3e,0x0a,0x20,0x20,0x3c,0x2f,0x70,0x61,0x72,0x61,0x6d,0x3e,0x0a,0x0a,0x20,0x20,0x3c,0x70,  /* >.  </param>..  <p */
    0x61,0x72,0x61,0x6d,0x20,0x6e,0x61,0x6d,0x65,0x3d,0x22,0x74,0x74,0x73,0x2e,0x76,0x6f,0x69,  /* aram name="tts.voi */
    0x63,0x65,0x43,0x66,0x67,0x2e,0x70,0x72,0x6f,0x73,0x63,0x6f,0x73,0x74,0x2e,0x77,0x6f,0x72,  /* ceCfg.proscost.wor */
    0x64,0x49,0x6e,0x50,0x68,0x72,0x61,0x73,0x65,0x43,0x6f,0x73,0x74,0x73,0x2e,0x57,0x6f,0x72,  /* dInPhraseCosts.Wor */
    0x64,0x50,0x68,0x72,0x49,0x6e,0x69,0x74,0x69,0x61,0x6c,0x22,0x3e,0x0a,0x20,0x20,0x20,0x20,  /* dPhrInitial">.     */
    0x20,0x3c,0x6e,0x61,0x6d,0x65,0x64,0x56,0x61,0x6c,0x75,0x65,0x20,0x6e,0x61,0x6d,0x65,0x3d,  /*  <namedValue name= */
    0x22,0x55,0x4e,0x44,0x45,0x46,0x22,0x3e,0x20,0x31,0x30,0x30,0x20,0x3c,0x2f,0x6e,0x61,0x6d,  /* "UNDEF"> 100 </nam */
    0x65,0x64,0x56,0x61,0x6c,0x75,0x65,0x3e,0x0a,0x20,0x20,0x20,0x20,0x20,0x3c,0x6e,0x61,0x6d,  /* edValue>.     <nam */
    0x65,0x64,0x56,0x61,0x6c,0x75,0x65,0x20,0x6e,0x61,0x6d,0x65,0x3d,0x22,0x57,0x6f,0x72,0x64,  /* edValue name="Word */
    0x50,0x68,0x72,0x49,0x6e,0x69,0x74,0x69,0x61,0x6c,0x22,0x3e,0x20,0x30,0x20,0x3c,0x2f,0x6e,  /* PhrInitial"> 0 </n */
    0x61,0x6d,0x65,0x64,0x56,0x61,0x6c,0x75,0x65,0x3e,0x0a,0x20,0x20,0x20,0x20,0x20,0x3c,0x6e,  /* amedValue>.     <n */
    0x61,0x6d,0x65,0x64,0x56,0x61,0x6c,0x75,0x65,0x20,0x6e,0x61,0x6d,0x65,0x3d,0x22,0x57,0x6f,  /* amedValue name="Wo */
    0x72,0x64,0x50,0x68,0x72,0x4d,0x65,0x64,0x69,0x61,0x6c,0x22,0x3e,0x20,0x31,0x20,0x3c,0x2f,  /* rdPhrMedial"> 1 </ */
    0x6e,0x61,0x6d,0x65,0x64,0x56,0x61,0x6c,0x75,0x65,0x3e,0x0a,0x20,0x20,0x20,0x20,0x20,0x3c,  /* namedValue>.     < */
    0x6e,0x61,0x6d,0x65,0x64,0x56,0x61,0x6c,0x75,0x65,0x20,0x6e,0x61,0x6d,0x65,0x3d,0x22,0x57,  /* namedValue name="W */
    0x6f,0x72,0x64,0x50,0x68,0x72,0x46,0x69,0x6e,0x61,0x6c,0x22,0x3e,0x20,0x33,0x20,0x3c,0x2f,  /* ordPhrFinal"> 3 </ */
    0x6e,0x61,0x6d,0x65,0x64,0x56,0x61,0x6c,0x75,0x65,0x3e,0x0a,0x20,0x20,0x20,0x20,0x20,0x3c,  /* namedValue>.     < */
    0x6e,0x61,0x6d,0x65,0x64,0x56,0x61,0x6c,0x75,0x65,0x20,0x6e,0x61,0x6d,0x65,0x3d,0x22,0x57,  /* namedValue name="W */
    0x6f,0x72,0x64,0x50,0x68,0x72,0x55,0x6e,0x6b,0x6e,0x6f,0x77,0x6e,0x22,0x3e,0x20,0x31,0x30,  /* ordPhrUnknown"> 10 */
    0x30,0x20,0x3c,0x2f,0x6e,0x61,0x6d,0x65,0x64,0x56,0x61,0x6c,0x75,0x65,0x3e,0x0a,0x20,0x20,  /* 0 </namedValue>.   */
    0x20,0x20,0x20,0x3c,0x6e,0x61,0x6d,0x65,0x64,0x56,0x61,0x6c,0x75,0x65,0x20,0x6e,0x61,0x6d,  /*    <namedValue nam */
    0x65,0x3d,0x22,0x57,0x6f,0x72,0x64,0x53,0x65,0x6e,0x74,0x49,0x6e,0x69,0x74,0x69,0x61,0x6c,  /* e="WordSentInitial */
    0x22,0x3e,0x20,0x30,0x2e,0x33,0x20,0x3c,0x2f,0x6e,0x61,0x6d,0x65,0x64,0x56,0x61,0x6c,0x75,  /* "> 0.3 </namedValu */
    0x65,0x3e,0x0a,0x20,0x20,0x20,0x20,0x20,0x3c,0x6e,0x61,0x6d,0x65,0x64,0x56,0x61,0x6c,0x75,  /* e>.     <namedValu */
    0x65,0x20,0x6e,0x61,0x6d,0x65,0x3d,0x22,0x57,0x6f,0x72,0x64,0x53,0x65,0x6e,0x74,0x46,0x69,  /* e name="WordSentFi */
    0x6e,0x61,0x6c,0x22,0x3e,0x20,0x35,0x20,0x3c,0x2f,0x6e,0x61,0x6d,0x65,0x64,0x56,0x61,0x6c,  /* nal"> 5 </namedVal */
    0x75,0x65,0x3e,0x0a,0x20,0x20,0x3c,0x2f,0x70,0x61,0x72,0x61,0x6d,0x3e,0x0a,0x0a,0x20,0x20,  /* ue>.  </param>..   */
    0x3c,0x70,0x61,0x72,0x61,0x6d,0x20,0x6e,0x61,0x6d,0x65,0x3d,0x22,0x74,0x74,0x73,0x2e,0x76,  /* <param name="tts.v */
    0x6f,0x69,0x63,0x65,0x43,0x66,0x67,0x2e,0x70,0x72,0x6f,0x73,0x63,0x6f,0x73,0x74,0x2e,0x77,  /* oiceCfg.proscost.w */
    0x6f,0x72,0x64,0x49,0x6e,0x50,0x68,0x72,0x61,0x73,0x65,0x43,0x6f,0x73,0x74,0x73,0x2e,0x57,  /* ordInPhraseCosts.W */
    0x6f,0x72,0x64,0x50,0x68,0x72,0x4d,0x65,0x64,0x69,0x61,0x6c,0x22,0x3e,0x0a,0x20,0x20,0x20,  /* ordPhrMedial">.    */
    0x20,0x20,0x3c,0x6e,0x61,0x6d,0x65,0x64,0x56,0x61,0x6c,0x75,0x65,0x20,0x6e,0x61,0x6d,0x65,  /*   <namedValue name */
    0x3d,0x22,0x55,0x4e,0x44,0x45,0x46,0x22,0x3e,0x20,0x31,0x30,0x30,0x20,0x3c,0x2f,0x6e,0x61,  /* ="UNDEF"> 100 </na */
    0x6d,0x65,0x64,0x56,0x61,0x6c,0x75,0x65,0x3e,0x0a,0x20,0x20,0x20,0x20,0x20,0x3c,0x6e,0x61,  /* medValue>.     <na */
    0x6d,0x65,0x64,0x56,0x61,0x6c,0x75,0x65,0x20,0x6e,0x61,0x6d,0x65,0x3d,0x22,0x57,0x6f,0x72,  /* medValue name="Wor */
    0x64,0x50,0x68,0x72,0x49,0x6e,0x69,0x74,0x69,0x61,0x6c,0x22,0x3e,0x20,0x32,0x20,0x3c,0x2f,  /* dPhrInitial"> 2 </ */
    0x6e,0x61,0x6d,0x65,0x64,0x56,0x61,0x6c,0x75,0x65,0x3e,0x0a,0x20,0x20,0x20,0x20,0x20,0x3c,  /* namedValue>.     < */
    0x6e,0x61,0x6d,0x65,0x64,0x56,0x61,0x6c,0x75,0x65,0x20,0x6e,0x61,0x6d,0x65,0x3d,0x22,0x57,  /* namedValue name="W */
    0x6f,0x72,0x64,0x50,0x68,0x72,0x4d,0x65,0x64,0x69,0x61,0x6c,0x22,0x3e,0x20,0x30,0x20,0x3c,  /* ordPhrMedial"> 0 < */
    0x2f,0x6e,0x61,0x6d,0x65,0x64,0x56,0x61,0x6c,0x75,0x65,0x3e,0x0a,0x20,0x20,0x20,0x20,0x20,  /* /namedValue>.      */
    0x3c,0x6e,0x61,0x6d,0x65,0x64,0x56,0x61,0x6c,0x75,0x65,0x20,0x6e,0x61,0x6d,0x65,0x3d,0x22,  /* <namedValue name=" */
    0x57,0x6f,0x72,0x64,0x50,0x68,0x72,0x46,0x69,0x6e,0x61,0x6c,0x22,0x3e,0x20,0x31,0x20,0x3c,  /* WordPhrFinal"> 1 < */
    0x2f,0x6e,0x61,0x6d,0x65,0x64,0x56,0x61,0x6c,0x75,0x65,0x3e,0x0a,0x20,0x20,0x20,0x20,0x20,  /* /namedValue>.      */
    0x3c,0x6e,0x61,0x6d,0x65,0x64,0x56,0x61,0x6c,0x75,0x65,0x20,0x6e,0x61,0x6d,0x65,0x3d,0x22,  /* <namedValue name=" */
    0x57,0x6f,0x72,0x64,0x50,0x68,0x72,0x55,0x6e,0x6b,0x6e,0x6f,0x77,0x6e,0x22,0x3e,0x20,0x31,  /* WordPhrUnknown"> 1 */
    0x30,0x30,0x20,0x3c,0x2f,0x6e,0x61,0x6d,0x65,0x64,0x56,0x61,0x6c,0x75,0x65,0x3e,0x0a,0x20,  /* 00 </namedValue>.  */
    0x20,0x20,0x20,0x20,0x3c,0x6e,0x61,0x6d,0x65,0x64,0x56,0x61,0x6c,0x75,0x65,0x20,0x6e,0x61,  /*     <namedValue na */
    0x6d,0x65,0x3d,0x22,0x57,0x6f,0x72,0x64,0x53,0x65,0x6e,0x74,0x49,0x6e,0x69,0x74,0x69,0x61,  /* me="WordSentInitia */
    0x6c,0x22,0x3e,0x20,0x33,0x20,0x3c,0x2f,0x6e,0x61,0x6d,0x65,0x64,0x56,0x61,0x6c,0x75,0x65,  /* l"> 3 </namedValue */
    0x3e,0x0a,0x20,0x20,0x20,0x20,0x20,0x3c,0x6e,0x61,0x6d,0x65,0x64,0x56,0x61,0x6c,0x75,0x65,  /* >.     <namedValue */
    0x20,0x6e,0x61,0x6d,0x65,0x3d,0x22,0x57,0x6f,0x72,0x64,0x53,0x65,0x6e,0x74,0x46,0x69,0x6e,  /*  name="WordSentFin */
    0x61,0x6c,0x22,0x3e,0x20,0x33,0x20,0x3c,0x2f,0x6e,0x61,0x6d,0x65,0x64,0x56,0x61,0x6c,0x75,  /* al"> 3 </namedValu */
    0x65,0x3e,0x0a,0x20,0x20,0x3c,0x2f,0x70,0x61,0x72,0x61,0x6d,0x3e,0x0a,0x0a,0x20,0x20,0x3c,  /* e>.  </param>..  < */
    0x70,0x61,0x72,0x61,0x6d,0x20,0x6e,0x61,0x6d,0x65,0x3d,0x22,0x74,0x74,0x73,0x2e,0x76,0x6f,  /* param name="tts.vo */
    0x69,0x63,0x65,0x43,0x66,0x67,0x2e,0x70,0x72,0x6f,0x73,0x63,0x6f,0x73,0x74,0x2e,0x77,0x6f,  /* iceCfg.proscost.wo */
    0x72,0x64,0x49,0x6e,0x50,0x68,0x72,0x61,0x73,0x65,0x43,0x6f,0x73,0x74,0x73,0x2e,0x57,0x6f,  /* rdInPhraseCosts.Wo */
    0x72,0x64,0x50,0x68,0x72,0x55,0x6e,0x6b,0x6e,0x6f,0x77,0x6e,0x22,0x3e,0x0a,0x20,0x20,0x20,  /* rdPhrUnknown">.    */
    0x20,0x20,0x3c,0x6e,0x61,0x6d,0x65,0x64,0x56,0x61,0x6c,0x75,0x65,0x20,0x6e,0x61,0x6d,0x65,  /*   <namedValue name */
    0x3d,0x22,0x55,0x4e,0x44,0x45,0x46,0x22,0x3e,0x20,0x31,0x30,0x30,0x20,0x3c,0x2f,0x6e,0x61,  /* ="UNDEF"> 100 </na */
    0x6d,0x65,0x64,0x56,0x61,0x6c,0x75,0x65,0x3e,0x0a,0x20,0x20,0x20,0x20,0x20,0x3c,0x6e,0x61,  /* medValue>.     <na */
    0x6d,0x65,0x64,0x56,0x61,0x6c,0x75,0x65,0x20,0x6e,0x61,0x6d,0x65,0x3d,0x22,0x57,0x6f,0x72,  /* medValue name="Wor */
    0x64,0x50,0x68,0x72,0x49,0x6e,0x69,0x74,0x69,0x61,0x6c,0x22,0x3e,0x20,0x30,0x20,0x3c,0x2f,  /* dPhrInitial"> 0 </ */
    0x6e,0x61,0x6d,0x65,0x64,0x56,0x61,0x6c,0x75,0x65,0x3e,0x0a,0x20,0x20,0x20,0x20,0x20,0x3c,  /* namedValue>.     < */
    0x6e,0x61,0x6d,0x65,0x64,0x56,0x61,0x6c,0x75,0x65,0x20,0x6e,0x61,0x6d,0x65,0x3d,0x22,0x57,  /* namedValue name="W */
    0x6f,0x72,0x64,0x50,0x68,0x72,0x4d,0x65,0x64,0x69,0x61,0x6c,0x22,0x3e,0x20,0x30,0x20,0x3c,  /* ordPhrMedial"> 0 < */
    0x2f,0x6e,0x61,0x6d,0x65,0x64,0x56,0x61,0x6c,0x75,0x65,0x3e,0x0a,0x20,0x20,0x20,0x20,0x20,  /* /namedValue>.      */
    0x3c,0x6e,0x61,0x6d,0x65,0x64,0x56,0x61,0x6c,0x75,0x65,0x20,0x6e,0x61,0x6d,0x65,0x3d,0x22,  /* <namedValue name=" */
    0x57,0x6f,0x72,0x64,0x50,0x68,0x72,0x46,0x69,0x6e,0x61,0x6c,0x22,0x3e,0x20,0x30,0x20,0x3c,  /* WordPhrFinal"> 0 < */
    0x2f,0x6e,0x61,0x6d,0x65,0x64,0x56,0x61,0x6c,0x75,0x65,0x3e,0x0a,0x20,0x20,0x20,0x20,0x20,  /* /namedValue>.      */
    0x3c,0x6e,0x61,0x6d,0x65,0x64,0x56,0x61,0x6c,0x75,0x65,0x20,0x6e,0x61,0x6d,0x65,0x3d,0x22,  /* <namedValue name=" */
    0x57,0x6f,0x72,0x64,0x50,0x68,0x72,0x55,0x6e,0x6b,0x6e,0x6f,0x77,0x6e,0x22,0x3e,0x20,0x31,  /* WordPhrUnknown"> 1 */
    0x30,0x30,0x20,0x3c,0x2f,0x6e,0x61,0x6d,0x65,0x64,0x56,0x61,0x6c,0x75,0x65,0x3e,0x0a,0x20,  /* 00 </namedValue>.  */
    0x20,0x20,0x20,0x20,0x3c,0x6e,0x61,0x6d,0x65,0x64,0x56,0x61,0x6c,0x75,0x65,0x20,0x6e,0x61,  /*     <namedValue na */
    0x6d,0x65,0x3d,0x22,0x57,0x6f,0x72,0x64,0x53,0x65,0x6e,0x74,0x49,0x6e,0x69,0x74,0x69,0x61,  /* me="WordSentInitia */
    0x6c,0x22,0x3e,0x20,0x30,0x20,0x3c,0x2f,0x6e,0x61,0x6d,0x65,0x64,0x56,0x61,0x6c,0x75,0x65,  /* l"> 0 </namedValue */
    0x3e,0x0a,0x20,0x20,0x20,0x20,0x20,0x3c,0x6e,0x61,0x6d,0x65,0x64,0x56,0x61,0x6c,0x75,0x65,  /* >.     <namedValue */
    0x20,0x6e,0x61,0x6d,0x65,0x3d,0x22,0x57,0x6f,0x72,0x64,0x53,0x65,0x6e,0x74,0x46,0x69,0x6e,  /*  name="WordSentFin */
    0x61,0x6c,0x22,0x3e,0x20,0x30,0x20,0x3c,0x2f,0x6e,0x61,0x6d,0x65,0x64,0x56,0x61,0x6c,0x75,  /* al"> 0 </namedValu */
    0x65,0x3e,0x0a,0x20,0x20,0x3c,0x2f,0x70,0x61,0x72,0x61,0x6d,0x3e,0x0a,0x0a,0x20,0x20,0x3c,  /* e>.  </param>..  < */
    0x70,0x61,0x72,0x61,0x6d,0x20,0x6e,0x61,0x6d,0x65,0x3d,0x22,0x74,0x74,0x73,0x2e,0x76,0x6f,  /* param name="tts.vo */
    0x69,0x63,0x65,0x43,0x66,0x67,0x2e,0x70,0x72,0x6f,0x73,0x63,0x6f,0x73,0x74,0x2e,0x77,0x6f,  /* iceCfg.proscost.wo */
    0x72,0x64,0x49,0x6e,0x50,0x68,0x72,0x61,0x73,0x65,0x43,0x6f,0x73,0x74,0x73,0x2e,0x57,0x6f,  /* rdInPhraseCosts.Wo */
    0x72,0x64,0x53,0x65,0x6e,0x74,0x46,0x69,0x6e,0x61,0x6c,0x22,0x3e,0x0a,0x20,0x20,0x20,0x20,  /* rdSentFinal">.     */
    0x20,0x3c,0x6e,0x61,0x6d,0x65,0x64,0x56,0x61,0x6c,0x75,0x65,0x20,0x6e,0x61,0x6d,0x65,0x3d,  /*  <namedValue name= */
    0x22,0x55,0x4e,0x44,0x45,0x46,0x22,0x3e,0x20,0x31,0x30,0x30,0x20,0x3c,0x2f,0x6e,0x61,0x6d,  /* "UNDEF"> 100 </nam */
    0x65,0x64,0x56,0x61,0x6c,0x75,0x65,0x3e,0x0a,0x20,0x20,0x20,0x20,0x20,0x3c,0x6e,0x61,0x6d,  /* edValue>.     <nam */
    0x65,0x64,0x56,0x61,0x6c,0x75,0x65,0x20,0x6e,0x61,0x6d,0x65,0x3d,0x22,0x57,0x6f,0x72,0x64,  /* edValue name="Word */
    0x50,0x68,0x72,0x49,0x6e,0x69,0x74,0x69,0x61,0x6c,0x22,0x3e,0x20,0x35,0x20,0x3c,0x2f,0x6e,  /* PhrInitial"> 5 </n */
    0x61,0x6d,0x65,0x64,0x56,0x61,0x6c,0x75,0x65,0x3e,0x0a,0x20,0x20,0x20,0x20,0x20,0x3c,0x6e,  /* amedValue>.     <n */
    0x61,0x6d,0x65,0x64,0x56,0x61,0x6c,0x75,0x65,0x20,0x6e,0x61,0x6d,0x65,0x3d,0x22,0x57,0x6f,  /* amedValue name="Wo */
    0x72,0x64,0x50,0x68,0x72,0x4d,0x65,0x64,0x69,0x61,0x6c,0x22,0x3e,0x20,0x33,0x20,0x3c,0x2f,  /* rdPhrMedial"> 3 </ */
    0x6e,0x61,0x6d,0x65,0x64,0x56,0x61,0x6c,0x75,0x65,0x3e,0x0a,0x20,0x20,0x20,0x20,0x20,0x3c,  /* namedValue>.     < */
    0x6e,0x61,0x6d,0x65,0x64,0x56,0x61,0x6c,0x75,0x65,0x20,0x6e,0x61,0x6d,0x65,0x3d,0x22,0x57,  /* namedValue name="W */
    0x6f,0x72,0x64,0x50,0x68,0x72,0x46,0x69,0x6e,0x61,0x6c,0x22,0x3e,0x20,0x31,0x2e,0x35,0x20,  /* ordPhrFinal"> 1.5  */
    0x3c,0x2f,0x6e,0x61,0x6d,0x65,0x64,0x56,0x61,0x6c,0x75,0x65,0x3e,0x0a,0x20,0x20,0x20,0x20,  /* </namedValue>.     */
    0x20,0x3c,0x6e,0x61,0x6d,0x65,0x64,0x56,0x61,0x6c,0x75,0x65,0x20,0x6e,0x61,0x6d,0x65,0x3d,  /*  <namedValue name= */
    0x22,0x57,0x6f,0x72,0x64,0x50,0x68,0x72,0x55,0x6e,0x6b,0x6e,0x6f,0x77,0x6e,0x22,0x3e,0x20,  /* "WordPhrUnknown">  */
    0x31,0x30,0x30,0x20,0x3c,0x2f,0x6e,0x61,0x6d,0x65,0x64,0x56,0x61,0x6c,0x75,0x65,0x3e,0x0a,  /* 100 </namedValue>. */
    0x20,0x20,0x20,0x20,0x20,0x3c,0x6e,0x61,0x6d,0x65,0x64,0x56,0x61,0x6c,0x75,0x65,0x20,0x6e,  /*      <namedValue n */
    0x61,0x6d,0x65,0x3d,0x22,0x57,0x6f,0x72,0x64,0x53,0x65,0x6e,0x74,0x49,0x6e,0x69,0x74,0x69,  /* ame="WordSentIniti */
    0x61,0x6c,0x22,0x3e,0x20,0x35,0x20,0x3c,0x2f,0x6e,0x61,0x6d,0x65,0x64,0x56,0x61,0x6c,0x75,  /* al"> 5 </namedValu */
    0x65,0x3e,0x0a,0x20,0x20,0x20,0x20,0x20,0x3c,0x6e,0x61,0x6d,0x65,0x64,0x56,0x61,0x6c,0x75,  /* e>.     <namedValu */
    0x65,0x20,0x6e,0x61,0x6d,0x65,0x3d,0x22,0x57,0x6f,0x72,0x64,0x53,0x65,0x6e,0x74,0x46,0x69,  /* e name="WordSentFi */
    0x6e,0x61,0x6c,0x22,0x3e,0x20,0x30,0x20,0x3c,0x2f,0x6e,0x61,0x6d,0x65,0x64,0x56,0x61,0x6c,  /* nal"> 0 </namedVal */
    0x75,0x65,0x3e,0x0a,0x20,0x20,0x3c,0x2f,0x70,0x61,0x72,0x61,0x6d,0x3e,0x0a,0x0a,0x20,0x20,  /* ue>.  </param>..   */
    0x3c,0x70,0x61,0x72,0x61,0x6d,0x20,0x6e,0x61,0x6d,0x65,0x3d,0x22,0x74,0x74,0x73,0x2e,0x76,  /* <param name="tts.v */
    0x6f,0x69,0x63,0x65,0x43,0x66,0x67,0x2e,0x70,0x72,0x6f,0x73,0x63,0x6f,0x73,0x74,0x2e,0x77,  /* oiceCfg.proscost.w */
    0x6f,0x72,0x64,0x49,0x6e,0x50,0x68,0x72,0x61,0x73,0x65,0x43,0x6f,0x73,0x74,0x73,0x2e,0x57,  /* ordInPhraseCosts.W */
    0x6f,0x72,0x64,0x53,0x65,0x6e,0x74,0x49,0x6e,0x69,0x74,0x69,0x61,0x6c,0x22,0x3e,0x0a,0x20,  /* ordSentInitial">.  */
    0x20,0x20,0x20,0x20,0x3c,0x6e,0x61,0x6d,0x65,0x64,0x56,0x61,0x6c,0x75,0x65,0x20,0x6e,0x61,  /*     <namedValue na */
    0x6d,0x65,0x3d,0x22,0x55,0x4e,0x44,0x45,0x46,0x22,0x3e,0x20,0x31,0x30,0x30,0x20,0x3c,0x2f,  /* me="UNDEF"> 100 </ */
    0x6e,0x61,0x6d,0x65,0x64,0x56,0x61,0x6c,0x75,0x65,0x3e,0x0a,0x20,0x20,0x20,0x20,0x20,0x3c,  /* namedValue>.     < */
    0x6e,0x61,0x6d,0x65,0x64,0x56,0x61,0x6c,0x75,0x65,0x20,0x6e,0x61,0x6d,0x65,0x3d,0x22,0x57,  /* namedValue name="W */
    0x6f,0x72,0x64,0x50,0x68,0x72,0x49,0x6e,0x69,0x74,0x69,0x61,0x6c,0x22,0x3e,0x20,0x30,0x2e,  /* ordPhrInitial"> 0. */
    0x35,0x20,0x3c,0x2f,0x6e,0x61,0x6d,0x65,0x64,0x56,0x61,0x6c,0x75,0x65,0x3e,0x0a,0x20,0x20,  /* 5 </namedValue>.   */
    0x20,0x20,0x20,0x3c,0x6e,0x61,0x6d,0x65,0x64,0x56,0x61,0x6c,0x75,0x65,0x20,0x6e,0x61,0x6d,  /*    <namedValue nam */
    0x65,0x3d,0x22,0x57,0x6f,0x72,0x64,0x50,0x68,0x72,0x4d,0x65,0x64,0x69,0x61,0x6c,0x22,0x3e,  /* e="WordPhrMedial"> */
    0x20,0x31,0x2e,0x35,0x20,0x3c,0x2f,0x6e,0x61,0x6d,0x65,0x64,0x56,0x61,0x6c,0x75,0x65,0x3e,  /*  1.5 </namedValue> */
    0x0a,0x20,0x20,0x20,0x20,0x20,0x3c,0x6e,0x61,0x6d,0x65,0x64,0x56,0x61,0x6c,0x75,0x65,0x20,  /* .     <namedValue  */
    0x6e,0x61,0x6d,0x65,0x3d,0x22,0x57,0x6f,0x72,0x64,0x50,0x68,0x72,0x46,0x69,0x6e,0x61,0x6c,  /* name="WordPhrFinal */
    0x22,0x3e,0x20,0x33,0x20,0x3c,0x2f,0x6e,0x61,0x6d,0x65,0x64,0x56,0x61,0x6c,0x75,0x65,0x3e,  /* "> 3 </namedValue> */
    0x0a,0x20,0x20,0x20,0x20,0x20,0x3c,0x6e,0x61,0x6d,0x65,0x64,0x56,0x61,0x6c,0x75,0x65,0x20,  /* .     <namedValue  */
    0x6e,0x61,0x6d,0x65,0x3d,0x22,0x57,0x6f,0x72,0x64,0x50,0x68,0x72,0x55,0x6e,0x6b,0x6e,0x6f,  /* name="WordPhrUnkno */
    0x77,0x6e,0x22,0x3e,0x20,0x31,0x30,0x30,0x20,0x3c,0x2f,0x6e,0x61,0x6d,0x65,0x64,0x56,0x61,  /* wn"> 100 </namedVa */
    0x6c,0x75,0x65,0x3e,0x0a,0x20,0x20,0x20,0x20,0x20,0x3c,0x6e,0x61,0x6d,0x65,0x64,0x56,0x61,  /* lue>.     <namedVa */
    0x6c,0x75,0x65,0x20,0x6e,0x61,0x6d,0x65,0x3d,0x22,0x57,0x6f,0x72,0x64,0x53,0x65,0x6e,0x74,  /* lue name="WordSent */
    0x49,0x6e,0x69,0x74,0x69,0x61,0x6c,0x22,0x3e,0x20,0x30,0x20,0x3c,0x2f,0x6e,0x61,0x6d,0x65,  /* Initial"> 0 </name */
    0x64,0x56,0x61,0x6c,0x75,0x65,0x3e,0x0a,0x20,0x20,0x20,0x20,0x20,0x3c,0x6e,0x61,0x6d,0x65,  /* dValue>.     <name */
    0x64,0x56,0x61,0x6c,0x75,0x65,0x20,0x6e,0x61,0x6d,0x65,0x3d,0x22,0x57,0x6f,0x72,0x64,0x53,  /* dValue name="WordS */
    0x65,0x6e,0x74,0x46,0x69,0x6e,0x61,0x6c,0x22,0x3e,0x20,0x35,0x20,0x3c,0x2f,0x6e,0x61,0x6d,  /* entFinal"> 5 </nam */
    0x65,0x64,0x56,0x61,0x6c,0x75,0x65,0x3e,0x0a,0x20,0x20,0x3c,0x2f,0x70,0x61,0x72,0x61,0x6d,  /* edValue>.  </param */
    0x3e,0x0a,0x0a,0x3c,0x2f,0x6c,0x61,0x6e,0x67,0x3e,0x0a,0x0a,0x3c,0x2f,0x53,0x57,0x49,0x74,  /* >..</lang>..</SWIt */
    0x74,0x73,0x43,0x6f,0x6e,0x66,0x69,0x67,0x3e,0x0a,0x00,  /* tsConfig>.. */
};

static const char ENUS_SIDECAR[1943] = {
    0x3c,0x3f,0x78,0x6d,0x6c,0x20,0x76,0x65,0x72,0x73,0x69,0x6f,0x6e,0x3d,0x22,0x31,0x2e,0x30,  /* <?xml version="1.0 */
    0x22,0x20,0x65,0x6e,0x63,0x6f,0x64,0x69,0x6e,0x67,0x3d,0x22,0x49,0x53,0x4f,0x2d,0x38,0x38,  /* " encoding="ISO-88 */
    0x35,0x39,0x2d,0x31,0x22,0x3f,0x3e,0x20,0x20,0x3c,0x21,0x2d,0x2d,0x20,0x58,0x4d,0x4c,0x20,  /* 59-1"?>  <!-- XML  */
    0x76,0x65,0x72,0x73,0x69,0x6f,0x6e,0x20,0x2d,0x2d,0x3e,0x0d,0x0a,0x3c,0x3f,0x78,0x6d,0x6c,  /* version -->..<?xml */
    0x2d,0x73,0x74,0x79,0x6c,0x65,0x73,0x68,0x65,0x65,0x74,0x20,0x74,0x79,0x70,0x65,0x3d,0x22,  /* -stylesheet type=" */
    0x74,0x65,0x78,0x74,0x2f,0x78,0x73,0x6c,0x22,0x20,0x68,0x72,0x65,0x66,0x3d,0x22,0x53,0x57,  /* text/xsl" href="SW */
    0x49,0x74,0x74,0x73,0x43,0x6f,0x6e,0x66,0x69,0x67,0x2e,0x78,0x73,0x6c,0x22,0x3f,0x3e,0x0d,  /* IttsConfig.xsl"?>. */
    0x0a,0x0d,0x0a,0x3c,0x21,0x2d,0x2d,0x20,0x53,0x70,0x65,0x65,0x63,0x68,0x69,0x66,0x79,0x20,  /* ...<!-- Speechify  */
    0x63,0x6f,0x6e,0x66,0x69,0x67,0x75,0x72,0x61,0x74,0x69,0x6f,0x6e,0x20,0x66,0x69,0x6c,0x65,  /* configuration file */
    0x20,0x2d,0x2d,0x3e,0x0d,0x0a,0x3c,0x21,0x2d,0x2d,0x20,0x43,0x6f,0x70,0x79,0x72,0x69,0x67,  /*  -->..<!-- Copyrig */
    0x68,0x74,0x20,0x28,0x63,0x29,0x20,0x32,0x30,0x30,0x31,0x2d,0x32,0x30,0x30,0x33,0x20,0x53,  /* ht (c) 2001-2003 S */
    0x70,0x65,0x65,0x63,0x68,0x57,0x6f,0x72,0x6b,0x73,0x20,0x49,0x6e,0x74,0x65,0x72,0x6e,0x61,  /* peechWorks Interna */
    0x74,0x69,0x6f,0x6e,0x61,0x6c,0x2c,0x20,0x49,0x6e,0x63,0x2e,0x20,0x2d,0x2d,0x3e,0x0d,0x0a,  /* tional, Inc. -->.. */
    0x3c,0x21,0x2d,0x2d,0x20,0x41,0x6c,0x6c,0x20,0x52,0x69,0x67,0x68,0x74,0x73,0x20,0x52,0x65,  /* <!-- All Rights Re */
    0x73,0x65,0x72,0x76,0x65,0x64,0x20,0x2d,0x2d,0x3e,0x0d,0x0a,0x0d,0x0a,0x3c,0x21,0x2d,0x2d,  /* served -->....<!-- */
    0x20,0x44,0x65,0x66,0x69,0x6e,0x65,0x20,0x74,0x68,0x65,0x20,0x73,0x74,0x72,0x75,0x63,0x74,  /*  Define the struct */
    0x75,0x72,0x65,0x20,0x66,0x6f,0x72,0x20,0x74,0x68,0x65,0x20,0x58,0x4d,0x4c,0x20,0x2d,0x2d,  /* ure for the XML -- */
    0x3e,0x0d,0x0a,0x0d,0x0a,0x3c,0x21,0x44,0x4f,0x43,0x54,0x59,0x50,0x45,0x20,0x53,0x57,0x49,  /* >....<!DOCTYPE SWI */
    0x74,0x74,0x73,0x43,0x6f,0x6e,0x66,0x69,0x67,0x20,0x50,0x55,0x42,0x4c,0x49,0x43,0x20,0x22,  /* ttsConfig PUBLIC " */
    0x2d,0x2f,0x2f,0x53,0x70,0x65,0x65,0x63,0x68,0x57,0x6f,0x72,0x6b,0x73,0x2f,0x2f,0x44,0x54,  /* -//SpeechWorks//DT */
    0x44,0x20,0x53,0x50,0x45,0x45,0x43,0x48,0x49,0x46,0x59,0x20,0x43,0x4f,0x4e,0x46,0x49,0x47,  /* D SPEECHIFY CONFIG */
    0x20,0x31,0x2e,0x30,0x2f,0x2f,0x45,0x4e,0x22,0x0d,0x0a,0x20,0x20,0x20,0x20,0x20,0x20,0x20,  /*  1.0//EN"..        */
    0x20,0x20,0x20,0x20,0x20,0x20,0x20,0x20,0x20,0x20,0x20,0x20,0x20,0x20,0x20,0x20,0x22,0x53,  /*                 "S */
    0x57,0x49,0x74,0x74,0x73,0x43,0x6f,0x6e,0x66,0x69,0x67,0x2e,0x64,0x74,0x64,0x22,0x3e,0x0d,  /* WIttsConfig.dtd">. */
    0x0a,0x0d,0x0a,0x3c,0x21,0x2d,0x2d,0x20,0x2a,0x2a,0x2a,0x2a,0x2a,0x2a,0x2a,0x2a,0x2a,0x2a,  /* ...<!-- ********** */
    0x2a,0x2a,0x2a,0x2a,0x2a,0x20,0x43,0x4f,0x4e,0x46,0x49,0x47,0x20,0x50,0x41,0x52,0x41,0x4d,  /* ***** CONFIG PARAM */
    0x45,0x54,0x45,0x52,0x53,0x20,0x2a,0x2a,0x2a,0x2a,0x2a,0x2a,0x2a,0x2a,0x2a,0x2a,0x2a,0x2a,  /* ETERS ************ */
    0x2a,0x20,0x2d,0x2d,0x3e,0x0d,0x0a,0x0d,0x0a,0x3c,0x53,0x57,0x49,0x74,0x74,0x73,0x43,0x6f,  /* * -->....<SWIttsCo */
    0x6e,0x66,0x69,0x67,0x20,0x76,0x65,0x72,0x73,0x69,0x6f,0x6e,0x3d,0x22,0x31,0x2e,0x30,0x2e,  /* nfig version="1.0. */
    0x30,0x22,0x3e,0x0d,0x0a,0x3c,0x6c,0x61,0x6e,0x67,0x20,0x6e,0x61,0x6d,0x65,0x3d,0x22,0x44,  /* 0">..<lang name="D */
    0x65,0x66,0x61,0x75,0x6c,0x74,0x22,0x3e,0x0d,0x0a,0x0d,0x0a,0x20,0x20,0x3c,0x70,0x61,0x72,  /* efault">....  <par */
    0x61,0x6d,0x20,0x6e,0x61,0x6d,0x65,0x3d,0x22,0x74,0x74,0x73,0x2e,0x61,0x75,0x64,0x69,0x6f,  /* am name="tts.audio */
    0x2e,0x76,0x6f,0x6c,0x75,0x6d,0x65,0x22,0x3e,0x0d,0x0a,0x20,0x20,0x20,0x20,0x20,0x3c,0x76,  /* .volume">..     <v */
    0x61,0x6c,0x75,0x65,0x3e,0x20,0x31,0x30,0x30,0x20,0x3c,0x2f,0x76,0x61,0x6c,0x75,0x65,0x3e,  /* alue> 100 </value> */
    0x0d,0x0a,0x20,0x20,0x3c,0x2f,0x70,0x61,0x72,0x61,0x6d,0x3e,0x0d,0x0a,0x0d,0x0a,0x20,0x20,  /* ..  </param>....   */
    0x3c,0x70,0x61,0x72,0x61,0x6d,0x20,0x6e,0x61,0x6d,0x65,0x3d,0x22,0x74,0x74,0x73,0x2e,0x61,  /* <param name="tts.a */
    0x75,0x64,0x69,0x6f,0x2e,0x72,0x61,0x74,0x65,0x22,0x3e,0x0d,0x0a,0x20,0x20,0x20,0x20,0x20,  /* udio.rate">..      */
    0x3c,0x76,0x61,0x6c,0x75,0x65,0x3e,0x20,0x31,0x30,0x30,0x20,0x3c,0x2f,0x76,0x61,0x6c,0x75,  /* <value> 100 </valu */
    0x65,0x3e,0x0d,0x0a,0x20,0x20,0x3c,0x2f,0x70,0x61,0x72,0x61,0x6d,0x3e,0x0d,0x0a,0x0d,0x0a,  /* e>..  </param>.... */
    0x20,0x20,0x3c,0x70,0x61,0x72,0x61,0x6d,0x20,0x6e,0x61,0x6d,0x65,0x3d,0x22,0x74,0x74,0x73,  /*   <param name="tts */
    0x2e,0x63,0x61,0x63,0x68,0x65,0x2e,0x64,0x69,0x72,0x22,0x3e,0x0d,0x0a,0x20,0x20,0x20,0x20,  /* .cache.dir">..     */
    0x20,0x3c,0x76,0x61,0x6c,0x75,0x65,0x3e,0x20,0x24,0x7b,0x54,0x4d,0x50,0x44,0x49,0x52,0x7d,  /*  <value> ${TMPDIR} */
    0x2f,0x63,0x61,0x63,0x68,0x65,0x5f,0x24,0x7b,0x74,0x74,0x73,0x2e,0x76,0x6f,0x69,0x63,0x65,  /* /cache_${tts.voice */
    0x2e,0x6e,0x61,0x6d,0x65,0x7d,0x5f,0x24,0x7b,0x74,0x74,0x73,0x2e,0x76,0x6f,0x69,0x63,0x65,  /* .name}_${tts.voice */
    0x2e,0x66,0x6f,0x72,0x6d,0x61,0x74,0x7d,0x5f,0x24,0x7b,0x55,0x53,0x45,0x52,0x7d,0x20,0x3c,  /* .format}_${USER} < */
    0x2f,0x76,0x61,0x6c,0x75,0x65,0x3e,0x0d,0x0a,0x20,0x20,0x3c,0x2f,0x70,0x61,0x72,0x61,0x6d,  /* /value>..  </param */
    0x3e,0x0d,0x0a,0x0d,0x0a,0x20,0x20,0x3c,0x70,0x61,0x72,0x61,0x6d,0x20,0x6e,0x61,0x6d,0x65,  /* >....  <param name */
    0x3d,0x22,0x74,0x74,0x73,0x2e,0x6c,0x6f,0x67,0x2e,0x64,0x69,0x61,0x67,0x6e,0x6f,0x73,0x74,  /* ="tts.log.diagnost */
    0x69,0x63,0x2e,0x66,0x69,0x6c,0x65,0x22,0x3e,0x0d,0x0a,0x20,0x20,0x20,0x20,0x20,0x3c,0x76,  /* ic.file">..     <v */
    0x61,0x6c,0x75,0x65,0x3e,0x20,0x24,0x7b,0x54,0x4d,0x50,0x44,0x49,0x52,0x7d,0x2f,0x53,0x57,  /* alue> ${TMPDIR}/SW */
    0x49,0x74,0x74,0x73,0x44,0x69,0x61,0x67,0x6e,0x6f,0x73,0x74,0x69,0x63,0x4c,0x6f,0x67,0x5f,  /* IttsDiagnosticLog_ */
    0x24,0x7b,0x74,0x74,0x73,0x2e,0x76,0x6f,0x69,0x63,0x65,0x2e,0x6e,0x61,0x6d,0x65,0x7d,0x5f,  /* ${tts.voice.name}_ */
    0x24,0x7b,0x74,0x74,0x73,0x2e,0x76,0x6f,0x69,0x63,0x65,0x2e,0x66,0x6f,0x72,0x6d,0x61,0x74,  /* ${tts.voice.format */
    0x7d,0x5f,0x24,0x7b,0x55,0x53,0x45,0x52,0x7d,0x2e,0x74,0x78,0x74,0x20,0x3c,0x2f,0x76,0x61,  /* }_${USER}.txt </va */
    0x6c,0x75,0x65,0x3e,0x0d,0x0a,0x20,0x20,0x3c,0x2f,0x70,0x61,0x72,0x61,0x6d,0x3e,0x0d,0x0a,  /* lue>..  </param>.. */
    0x0d,0x0a,0x20,0x20,0x3c,0x70,0x61,0x72,0x61,0x6d,0x20,0x6e,0x61,0x6d,0x65,0x3d,0x22,0x74,  /* ..  <param name="t */
    0x74,0x73,0x2e,0x6c,0x6f,0x67,0x2e,0x65,0x76,0x65,0x6e,0x74,0x2e,0x66,0x69,0x6c,0x65,0x22,  /* ts.log.event.file" */
    0x3e,0x0d,0x0a,0x20,0x20,0x20,0x20,0x20,0x3c,0x76,0x61,0x6c,0x75,0x65,0x3e,0x20,0x3c,0x2f,  /* >..     <value> </ */
    0x76,0x61,0x6c,0x75,0x65,0x3e,0x0d,0x0a,0x20,0x20,0x20,0x20,0x20,0x3c,0x21,0x2d,0x2d,0x20,  /* value>..     <!--  */
    0x3c,0x76,0x61,0x6c,0x75,0x65,0x3e,0x20,0x24,0x7b,0x54,0x4d,0x50,0x44,0x49,0x52,0x7d,0x2f,  /* <value> ${TMPDIR}/ */
    0x53,0x57,0x49,0x74,0x74,0x73,0x45,0x76,0x65,0x6e,0x74,0x4c,0x6f,0x67,0x5f,0x24,0x7b,0x74,  /* SWIttsEventLog_${t */
    0x74,0x73,0x2e,0x76,0x6f,0x69,0x63,0x65,0x2e,0x6e,0x61,0x6d,0x65,0x7d,0x5f,0x24,0x7b,0x74,  /* ts.voice.name}_${t */
    0x74,0x73,0x2e,0x76,0x6f,0x69,0x63,0x65,0x2e,0x66,0x6f,0x72,0x6d,0x61,0x74,0x7d,0x5f,0x24,  /* ts.voice.format}_$ */
    0x7b,0x55,0x53,0x45,0x52,0x7d,0x2e,0x74,0x78,0x74,0x20,0x3c,0x2f,0x76,0x61,0x6c,0x75,0x65,  /* {USER}.txt </value */
    0x3e,0x20,0x2d,0x2d,0x3e,0x0d,0x0a,0x20,0x20,0x3c,0x2f,0x70,0x61,0x72,0x61,0x6d,0x3e,0x0d,  /* > -->..  </param>. */
    0x0a,0x0d,0x0a,0x20,0x20,0x3c,0x70,0x61,0x72,0x61,0x6d,0x20,0x6e,0x61,0x6d,0x65,0x3d,0x22,  /* ...  <param name=" */
    0x74,0x74,0x73,0x2e,0x6c,0x6f,0x67,0x2e,0x63,0x6f,0x6e,0x74,0x65,0x6e,0x74,0x44,0x69,0x72,  /* tts.log.contentDir */
    0x22,0x3e,0x0d,0x0a,0x20,0x20,0x20,0x20,0x20,0x3c,0x76,0x61,0x6c,0x75,0x65,0x3e,0x20,0x24,  /* ">..     <value> $ */
    0x7b,0x54,0x4d,0x50,0x44,0x49,0x52,0x7d,0x2f,0x53,0x57,0x49,0x74,0x74,0x73,0x43,0x6f,0x6e,  /* {TMPDIR}/SWIttsCon */
    0x74,0x65,0x6e,0x74,0x5f,0x24,0x7b,0x74,0x74,0x73,0x2e,0x76,0x6f,0x69,0x63,0x65,0x2e,0x6e,  /* tent_${tts.voice.n */
    0x61,0x6d,0x65,0x7d,0x5f,0x24,0x7b,0x74,0x74,0x73,0x2e,0x76,0x6f,0x69,0x63,0x65,0x2e,0x66,  /* ame}_${tts.voice.f */
    0x6f,0x72,0x6d,0x61,0x74,0x7d,0x5f,0x24,0x7b,0x55,0x53,0x45,0x52,0x7d,0x20,0x3c,0x2f,0x76,  /* ormat}_${USER} </v */
    0x61,0x6c,0x75,0x65,0x3e,0x0d,0x0a,0x20,0x20,0x3c,0x2f,0x70,0x61,0x72,0x61,0x6d,0x3e,0x0d,  /* alue>..  </param>. */
    0x0a,0x0d,0x0a,0x20,0x20,0x3c,0x70,0x61,0x72,0x61,0x6d,0x20,0x6e,0x61,0x6d,0x65,0x3d,0x22,  /* ...  <param name=" */
    0x74,0x74,0x73,0x2e,0x73,0x65,0x72,0x76,0x65,0x72,0x2e,0x6e,0x75,0x6d,0x50,0x6f,0x72,0x74,  /* tts.server.numPort */
    0x73,0x22,0x3e,0x0d,0x0a,0x20,0x20,0x20,0x20,0x20,0x3c,0x76,0x61,0x6c,0x75,0x65,0x3e,0x20,  /* s">..     <value>  */
    0x31,0x30,0x30,0x20,0x3c,0x2f,0x76,0x61,0x6c,0x75,0x65,0x3e,0x0d,0x0a,0x20,0x20,0x3c,0x2f,  /* 100 </value>..  </ */
    0x70,0x61,0x72,0x61,0x6d,0x3e,0x0d,0x0a,0x0d,0x0a,0x20,0x20,0x3c,0x70,0x61,0x72,0x61,0x6d,  /* param>....  <param */
    0x20,0x6e,0x61,0x6d,0x65,0x3d,0x22,0x74,0x74,0x73,0x2e,0x73,0x65,0x72,0x76,0x65,0x72,0x2e,  /*  name="tts.server. */
    0x70,0x6f,0x72,0x74,0x22,0x3e,0x0d,0x0a,0x20,0x20,0x20,0x20,0x20,0x3c,0x76,0x61,0x6c,0x75,  /* port">..     <valu */
    0x65,0x3e,0x20,0x25,0x25,0x50,0x4f,0x52,0x54,0x25,0x25,0x20,0x3c,0x2f,0x76,0x61,0x6c,0x75,  /* e> %%PORT%% </valu */
    0x65,0x3e,0x0d,0x0a,0x20,0x20,0x3c,0x2f,0x70,0x61,0x72,0x61,0x6d,0x3e,0x0d,0x0a,0x0d,0x0a,  /* e>..  </param>.... */
    0x20,0x20,0x3c,0x70,0x61,0x72,0x61,0x6d,0x20,0x6e,0x61,0x6d,0x65,0x3d,0x22,0x74,0x74,0x73,  /*   <param name="tts */
    0x2e,0x76,0x6f,0x69,0x63,0x65,0x2e,0x64,0x69,0x72,0x22,0x3e,0x0d,0x0a,0x20,0x20,0x20,0x20,  /* .voice.dir">..     */
    0x20,0x3c,0x76,0x61,0x6c,0x75,0x65,0x3e,0x20,0x24,0x7b,0x78,0x6d,0x6c,0x3a,0x62,0x61,0x73,  /*  <value> ${xml:bas */
    0x65,0x7d,0x2f,0x2e,0x2e,0x2f,0x2e,0x2e,0x20,0x3c,0x2f,0x76,0x61,0x6c,0x75,0x65,0x3e,0x0d,  /* e}/../.. </value>. */
    0x0a,0x20,0x20,0x3c,0x2f,0x70,0x61,0x72,0x61,0x6d,0x3e,0x0d,0x0a,0x0d,0x0a,0x20,0x20,0x3c,  /* .  </param>....  < */
    0x70,0x61,0x72,0x61,0x6d,0x20,0x6e,0x61,0x6d,0x65,0x3d,0x22,0x74,0x74,0x73,0x2e,0x76,0x6f,  /* param name="tts.vo */
    0x69,0x63,0x65,0x2e,0x63,0x6f,0x6e,0x66,0x69,0x67,0x22,0x3e,0x0d,0x0a,0x20,0x20,0x20,0x20,  /* ice.config">..     */
    0x3c,0x76,0x61,0x6c,0x75,0x65,0x3e,0x20,0x24,0x7b,0x78,0x6d,0x6c,0x3a,0x62,0x61,0x73,0x65,  /* <value> ${xml:base */
    0x7d,0x2f,0x24,0x7b,0x74,0x74,0x73,0x2e,0x76,0x6f,0x69,0x63,0x65,0x2e,0x6e,0x61,0x6d,0x65,  /* }/${tts.voice.name */
    0x7d,0x2e,0x76,0x63,0x66,0x20,0x3c,0x2f,0x76,0x61,0x6c,0x75,0x65,0x3e,0x0d,0x0a,0x20,0x20,  /* }.vcf </value>..   */
    0x3c,0x2f,0x70,0x61,0x72,0x61,0x6d,0x3e,0x0d,0x0a,0x0d,0x0a,0x20,0x20,0x3c,0x70,0x61,0x72,  /* </param>....  <par */
    0x61,0x6d,0x20,0x6e,0x61,0x6d,0x65,0x3d,0x22,0x74,0x74,0x73,0x2e,0x76,0x6f,0x69,0x63,0x65,  /* am name="tts.voice */
    0x2e,0x66,0x6f,0x72,0x6d,0x61,0x74,0x22,0x3e,0x0d,0x0a,0x20,0x20,0x20,0x20,0x20,0x3c,0x76,  /* .format">..     <v */
    0x61,0x6c,0x75,0x65,0x3e,0x20,0x25,0x25,0x46,0x4f,0x52,0x4d,0x41,0x54,0x25,0x25,0x20,0x3c,  /* alue> %%FORMAT%% < */
    0x2f,0x76,0x61,0x6c,0x75,0x65,0x3e,0x0d,0x0a,0x20,0x20,0x3c,0x2f,0x70,0x61,0x72,0x61,0x6d,  /* /value>..  </param */
    0x3e,0x0d,0x0a,0x0d,0x0a,0x20,0x20,0x3c,0x70,0x61,0x72,0x61,0x6d,0x20,0x6e,0x61,0x6d,0x65,  /* >....  <param name */
    0x3d,0x22,0x74,0x74,0x73,0x2e,0x76,0x6f,0x69,0x63,0x65,0x2e,0x6c,0x61,0x6e,0x67,0x75,0x61,  /* ="tts.voice.langua */
    0x67,0x65,0x22,0x3e,0x0d,0x0a,0x20,0x20,0x20,0x20,0x20,0x3c,0x76,0x61,0x6c,0x75,0x65,0x3e,  /* ge">..     <value> */
    0x20,0x25,0x25,0x4c,0x41,0x4e,0x47,0x25,0x25,0x20,0x3c,0x2f,0x76,0x61,0x6c,0x75,0x65,0x3e,  /*  %%LANG%% </value> */
    0x0d,0x0a,0x20,0x20,0x3c,0x2f,0x70,0x61,0x72,0x61,0x6d,0x3e,0x0d,0x0a,0x0d,0x0a,0x20,0x20,  /* ..  </param>....   */
    0x3c,0x70,0x61,0x72,0x61,0x6d,0x20,0x6e,0x61,0x6d,0x65,0x3d,0x22,0x74,0x74,0x73,0x2e,0x76,  /* <param name="tts.v */
    0x6f,0x69,0x63,0x65,0x2e,0x6e,0x61,0x6d,0x65,0x22,0x3e,0x0d,0x0a,0x20,0x20,0x20,0x20,0x20,  /* oice.name">..      */
    0x3c,0x76,0x61,0x6c,0x75,0x65,0x3e,0x20,0x25,0x25,0x56,0x4f,0x49,0x43,0x45,0x25,0x25,0x20,  /* <value> %%VOICE%%  */
    0x3c,0x2f,0x76,0x61,0x6c,0x75,0x65,0x3e,0x0d,0x0a,0x20,0x20,0x3c,0x2f,0x70,0x61,0x72,0x61,  /* </value>..  </para */
    0x6d,0x3e,0x0d,0x0a,0x0d,0x0a,0x3c,0x2f,0x6c,0x61,0x6e,0x67,0x3e,0x0d,0x0a,0x0d,0x0a,0x3c,  /* m>....</lang>....< */
    0x2f,0x53,0x57,0x49,0x74,0x74,0x73,0x43,0x6f,0x6e,0x66,0x69,0x67,0x3e,0x0d,0x0a,0x00,  /* /SWIttsConfig>... */
};

const char *spfy_vb_vcf_plaintext(void)
{
    return ENUS_VCF;
}

const char *spfy_vb_sidecar_template(void)
{
    return ENUS_SIDECAR;
}
